No.,Gloss,PT,Siamese,Sapa,Bao Yen,Cao Bang,Lungchow,Shangsi,Yay,Saek
,A. Body parts,,,,,,,,,
1,head (1),*krawC,,,,,,lawC1,cawC1,tʰrawC1
2,head (2),*truəA,huəA1,hu1,huəA1,tʰuəA1,hu:A1,,,
3,head hair,*prɤmA,pʰomA1,pʰumA1,pʰjomA1,pʰjomA1,pʰjumA1,pʰomA1,piəmA1,pʰramA1
4,hair knot,*klawC,kla:wC1,,cawC1,cawC1,kjawC1,,,
5,"body hair, feather",*q.pɯlA,kʰonA1,,kʰonA1,kʰonA1,kʰunA1,,punA1,pulA1
6,gray-haired,*ʰŋwu:kD,ŋɔ:kDL1,hoʔDL1,hɔkDL1 -v,,,,,hu:kDL1
7,forehead,*pra:kD,pʰa:kDL1,,pʰja:kDL1,pʰja:kDL1,pʰja:kDL1,pʰakDL1,pja:kDL1,pʰra:kDL1
8,nose,*ɗaŋA,ʔdaŋC1 -t,daŋA1,daŋA1,daŋA1,daŋA1,daŋA1,daŋA1,daŋA1
9,mucus of the nose,*mu:kD,mu:kDL2,muʔDL2,mu:kDL2,,mukDL2,mukDL2,mukDS2,mu:kDL2
10,face,*ʰna:C,na:C1,na:C1,na:C1,na:C1,na:C1,na:C1,naC1,na:C1
11,eye,*p.ta:A,ta:A1,ta:A1,pʰja:A1,tʰa:A1,ha:A1,tʰa:A1,taA1,pra:A1
12,mouth,*pa:kD,pa:kDL1,paʔDL1,pa:kDL1,pa:kDL1,pa:kDL1,pa:kDL1,pa:kDL1,pa:kDL1
13,tongue,*li:nC,linC2,linC2,li:nC2,linC2,linC2,lɤnC2,linC2,li:nC2
14,tooth,*wanA,fanA2,,pʰanA2,vanA2,fanA2,,fanA2,
15,gum; gill,*ʰŋɯəkD,ŋɯəkDL1,hɯʔDL1,hɯəkDL1,hɯəkDL1,hɤ:kDL1,,ŋɯkDS1,
16,saliva,*la:jA,la:jA2,,la:jA2,na:jA2 -i,la:jA2,ma:jA2,na:jA2,mla:jA2
17,cheek,*ke:mC,kɛ:mC1,kemC1,kɛ:mC1,kɛmC1,ke:mC1,,cemC1,ke:mC1
18,ear,*krwɯ:A,hu:A1,suA1,su:A1,suA1,hu:A1,lyA2,rɯəA2 -t,ruəA2 -t
19,fang,*χe:wC,kʰiəwC1,xewC1,kʰɛ:wC1,kʰɛwC1,kʰe:wC1,hewC1,hewC1,
20,"chin, jaw",*ɢa:ŋA,kʰa:ŋA2,ka:ŋA2,ka:ŋA2,g̈a:ŋA2,ka:ŋA2,kʰa:ŋA2 -i,ha:ŋA2,ɣa:ŋA2
21,beard,*momB,,,,mumB2,mumB2,mumB2,mumB2,
22,neck,*ɣo:A,kʰɔ:A2,xoA2,kʰɔ:A2,gɔA2,ko:C1,hoA2,hoA2,ɣɔ:A2
23,goiter,*ʰniəŋA,niəŋA2,niəŋA1,niəŋA1,niəŋA1,ni:ŋA1,,,
24,shoulder,*C̥.ba:B,ba:B1,ba:B1,ba:B1,ba:B1,ba:B1,ba:B1,baB1,va:B1
25,arm,*qe:nA,kʰɛ:nA1,xenA1,kʰɛ:nA1,kʰɛnA1,kʰe:nA1,kenA1,cenA1,ke:nA1
26,elbow,*C̬.swo:kD,sɔ:kDL1,soʔDL1,tʰɔ:kDL1,ɬɔkDL1,,,suəkDL2,suəkDL2
27,hand,*mwɯ:A,mɯ:A2,mɯA2,mɯ:A2,mɯA2,mɯ:A2,moyA2,fɯŋA2,mɯ:A2
28,"finger, toe",*ni:wC,niwC2,niwC2,niwC2,niwC2,ni:wC2,,,
29,"fingernail, toenail",*C̬.lepD,lepDS2,lipDS2,lopDS2,lepDS2,lipDS2,lipDS2,ritDS2,li:pDL2
30,joint,*χo:C,kʰɔ:C1,xoC1,kʰɔ:C1,kʰɔ:C1,,,hoB2 -t,
31,leg,*p.qa:A,kʰa:A1,xa:A1,kʰa:A1,kʰa:A1,kʰa:A1,ha:A1,kaA1,kwa:A1
32,knee,*χowB,kʰawB1,xawB1,kʰawB1,kʰawC1,kʰawB1,høA1,hoB1,kɔ:C1 -i
33,"shin, lower leg",*ɣe:ŋB,kʰɛŋB2,xeŋC1,kʰɛ:ŋB2,g̈ɛŋB2,ke:ŋB2,hɤŋB1,heŋB2,ɣe:ŋB2
34,foot,*ti:nA,ti:nA1,tinA1,ti:nA1,tinA1,,tɤnA1,tinA1,ti:nA1
35,heel,*sɤnC,sonC1,sunC1,tʰɤnC1,ɬɤnC1,ɬɤnC1,ɬonC1,θanB1 -t,sɔnC1
36,chest,*ʔɤkD,ʔokDS1,ʔɯkDS1,,ɁɤkDS1,ʔɤkDS1,ɁakDS1,ʔakDS1,
37,back,*ʰlaŋA,laŋA1,,laŋA1,laŋA1,laŋA1,laŋA1,laŋA1,laŋA1
38,waist (1),*ˀje:wA,ʔewA1,ʔiwA1,ʔe:wA1,,ji:wA1,,ʔewA1,ʔɛ:wA1
39,waist (2),*C̥.wɯǝtD,,,,,,hutDL1,hɯǝtDL1,vuǝtDS1
40,"stomach, belly",*dwu:ŋC,tʰɔ:ŋC2,toŋC2,tɔ:ŋC2,d̤oŋC2,to:ŋC2,toŋC2,tuŋC2,tʰuŋC2
41,navel (1),*ɗwɯ:A,dɯ:A1,dɯA1,,dɯəA1,,,dɯəA1,duəA1
42,navel (2),*ɓli:C,,,,diC1,,boyC1 -t,,
43,buttock,*konC,konC1,kunC1,konC1,konC1,kunC1,,,
44,pubic hair,*ʰmwu:jA,mɔjA1,mojA1,mɔ:jA1,mɔjA1,,moyA1,miA1,
45,vagina,*hi:A,hi:A2,hiA1,hi:A1,hiA1,hi:A1,hoyA1,,
46,penis,*ɣwajA,kʰuəjA2,xwajA2,vɤjA2,wɤjA2,,wajA2,,
47,testicles,*tram,hamA1,hamA1,hamA1,tʰamA1,,tʰamA1,ramA1,ramA1
48,pubic mound,*ʰnawB,nawB1,,,,,,nawB1,nawB1
49,urine,*niəwB,jiəwB2,newB2,nɛ:wB2,nɛwB2,,newB2,ɲuB2,ɲu:B2
50,excrement,*C̬.qɯjC,kʰi:C1,,kʰi:C1,kʰiC1,kʰi:C1,kʰoyC1,hajC2,ɣajC2
51,fart,*k.tɤtD,totDS1,tutDS1,tɤtDS1,tɤtDS1,,tʰotDS1,ratDS1,rɛtDS1
52,bone,*C̥.dukD,du:kDL1,dukDS1,du:kDL1,dukDL1,dukDL1,dokDL1,dokDL1,rɔ:kDL1
53,bone marrow,*ʔwu:kD,,,ʔɔ:kDL1,ɁɔkDL1,ʔukDL1,ɁukDS1,ʔukDS1,ʔu:kDL1
54,tendon,*ˀjenA,ʔenA1,ʔinA1,ʔɤnA1,ɁiənA1,jinA2,ɲenA1,ɲinA2,ʔinA1
55,"side, ribs",*k.ra:ŋC,kʰa:ŋC1,sa:ŋC1,sa:ŋC1,ɬa:ŋC1 -i,ha:ŋC1,,,
56,blood,*lɯətD,lɯətDL2,lɯtDL2,lɯətDL2,lɯətDL2,lɤ:tDL2,lutDL2,lɯətDL2,luətDL2
57,"meat, flesh",*n.mɤ:C,nɯǝC2,,nɯəC2,,nɯ:C2,,noB2,mlɔ:B2
58,skin,*ʰnaŋA,naŋA1,,naŋA1,nangA1,naŋA1,naŋA1,naŋA1,naŋA1
59,sweat,*r.tɯəB,hɯəB1,hɯB1,hɯəB1,tʰɯəB1,hɯ:B1,tyB2,,
60,pus,*ʰno:ŋA,nɔ:ŋA1,noŋA1,nɔ:ŋA1,nɔŋA1,no:ŋA1,nøŋA1,noŋA1,nɔ:ŋA1
61,impetigo,*kritD,hitDS1,,kʰitDS1,kʰitDS1,,litDS1,,hitDS1
62,wound,*ɓa:tD,ba:tDL1,ba:tDL1,ba:tDL1,ba:tDL2,ba:t5,,ba:tDL1,ba:tDL1
63,scurf,*ɣɯjA,,,kʰɤjA2,g̈ɤjA2,,hoyA2,hiA2,ɣi:A2
64,brain,*ʔe:kD,,ʔeʔDL1,,,ʔe:kDL1,,,
65,"heart, breath",*cɤɰA,cajA,caɰA1,cɤɰA1,cɤɰA1,caɰA1,coyA1,sɯA1,cɯ:A1
66,lung,*pwɤtD,pɔ:tDL1,,pɔ:tDL1,putDS1,pɤtDS1,putDL1,putDS1,
67,intestine,*sajC,sajC1,sajC1,tʰɤjC1,ɬɤjC1,ɬajC1,ɬajC1,θajC1,sajC1
68,liver,*tapD,tapDS1,tapDS1,tapDS1,tapDS1,tapDS1,tapDS1,tapDS1,tapDS1
69,spleen,*ma:mC,ma:mC2,,ma:mC2,ma:mC2,,ma:mC2,ma:mC2,ma:mC2
70,"gall bladder, bile",*ɓli:A,di:A1,biA1,bi:A1,diA1 -i,di:A1,boyA1,diA1,bli:A1
71,"illness, fever",*k.raj,kʰaj1,sajC1,kʰɤjC1,kʰɤjC1,hajC1,,cajC1,
72,cold (n.),*q.watD,watDS1,,,watDS1,,,,vatDS1
73,epidemic,*ra:B,ha:B1 -i,,,ra:B2,,la:C1 -t,,ha:B1
74,kidney-stones,*ʰni:wC,niwC1,,,niwC1,,,niwC1,ni:wC1
,B. Animals,,,,,,,,,
75,dog,*ʰma:A,ma:A1,ma:A1,ma:A1,ma:A1,ma:A1,ma:A1,maA1,ma:A1
76,pig,*ʰmu:A,mu:A1,muA1,mu:A1,muA1,mu:A1,mawA1,muA1,mu:A1
77,"mouse, rat",*ʰnu:A,nu:A1,nuA1,nu:A1,nuA1,nu:A1,nawA1,nuA1,nu:A1
78,water buffalo,*ɣwa:jA,kʰwa:jA2,xwa:jA2,wa:jA2,wa:jA2,va:jA2,wa:jA2,va:jA2,va:jA2
79,horse,*ma:C,ma:C2,ma:C2,ma:C2,ma:C2,ma:C2,ma:C2,maC2,ma:C2
80,bear,*ʰmwɯjA,mi:A1,miA1,mi:A1,miA1,mi:A1,muyA1,mɯəjA1,mɯəjA1
81,jackal,*nwajA,najA2,,nwɤjA2,nwɤjA2,,najA1,najA2,najA2
82,elephant,*ɟa:ŋC,cʰa:ŋC2,ca:ŋC2,ca:ŋC2,za:ŋC2,ca:ŋC2,,sa:ŋC2,sa:ŋC2
83,deer,*kwɯəŋA,kwa:ŋA1,kwa:ŋA1,kwa:ŋA1,kwa:ŋA1,kwa:ŋA1,,vɯəŋA2,vuəŋA2
84,antelope,*wa:lA,fa:nA2,fa:nA2,,,,fa:nA2,fa:nA2,va:lA2
85,monkey,*li:ŋA,liŋA2,liŋA2,liŋA2,liŋA2,liŋA2,,liŋA2,li:ŋA2
86,ape,*kaŋA,kaŋA1,kaŋA1,kaŋA1,kaŋA1,kaŋA1,kaŋA1,kaŋA1,
87,flying squirrel,*ba:ŋB,ba:ŋB1,ba:ŋB1,ba:ŋB1,ba:ŋB1,,,ba:ŋB1,
88,squirrel,*ro:kD,rɔ:kDL2,hoʔDL2,rɔ:kDL2,,,,rokDL2,rɔ:kDL2
89,porcupine,*ʰmenC,menC1,,mɤnC1,menC1,minC1,mɤnC1,,manC1
90,civet cat,*ʰɲelA,henA1,hinA1,hɤnA1,henA1,hinA1,,ɲanA1,ɲɛlA1
91,otter,*na:kD,na:kDL2,naʔDL2,na:kDL2,na:kDL2,,na:kDL2,na:kDL2,na:kDL2
92,pangolin,*lilB,,,,linB2,,lɤnB2,linB2,lilB1
93,chicken,*kajB,kajB1,kajB1,kajB1 -v,kajB1 -v,kajB1,kajB1,kajB1,kajB1
94,young hen,*C̬.qɤ:ŋB,kʰɯǝŋB1,xɯəŋB1,kʰɯəŋB1,,,kʰyŋB1,,
95,duck,*pitD,petDS1 -v,pitDS1,pɤtDS1 -v,petDS1 -v,pitDS1,pitDS1,pitDS1,pitDS1
96,goose,*ha:nB,ha:nB1,hanB1,ha:nB1,ha:nB1,,,ha:nB1,ha:nB1
97,bird,*C̬.nokD,nokDS2,nukDS2,nokDS2,nokDS2,nukDS2,,rokDS2,nɔkDS2
98,crow,*ka:A,ka:A1,ka:A1,ka:A1,ka:A1,ka:A1,ka:A1,,ka:A1
99,swallow (n.),*ʔe:nB,ʔɛnB1,ʔenC1,ʔɛ:nB1,ɁɛnB1,ʔe:nB1,ɁenB1,ʔenB1,ʔe:nB1
100,owl,*gawC,kʰawC2,kawC2,kawC2,g̈awC2 -v,kawC2,kʰeŋA2,,
101,hawk,*lamB,,,lamB2,lamB2,lamB2,,,lamB2
102,fish,*pla:A,pla:A1,pa:A1,pja:A1,pja:A1,pja:A1,pa:A1,pjaA1,pla:A1
103,catfish,*C̥.dokD,dukDS1,dukDS1,dukDS1,dukDS1,,dokDS1,dukDS1,rɔkDS1 -v
104,shellfish,*ho:jA,hɔjA1,hojA1,hɔ:jA1,hɔjA1,ho:jA1,,,
105,crab,*pɯwA,pu:A1,puA1,pu:A1,puA1,pu:A1,pawA1,pawA1,pawA1
106,shrimp,*kuŋB/C,kuŋC1,kuŋC1,kuŋC1,kuŋC1,kuŋC1,koŋB,kuŋB1,kuŋC2
107,small shrimp,*ŋiəwA,,,,,ji:wA2,ŋi:wA2,,
108,frog,*kɤpD,kopDS1,kupDS1,kopDS1,kopDS1,kupDS1,kopDS1,kapDS1,kapDS1
109,small frog,*krwe:C,,,,,,,kweC1,tʰrɛ:C1
110,tree frog,*pa:tD,pa:tDL1,pa:tDL1,pa:tDL1,pa:tDL1,,,pa:tDL1,
111,turtle,*tawB,tawB1,tawB1,tɤwB1,tɤwB1,,tawB1,,
112,water tortoise,*ʰwɯəA,fa:A1,fa:A1,pʰa:A1,pʰa:A1,,pʰyA1,,viəC1
113,snake,*ŋwɯ:A,ŋu:A2,ŋuA2,ŋu:A2,ŋuA2,ŋu:A2,ŋyA2,ŋɯəA2,ŋuəA2
114,crocodile,*ŋɯəkD,ŋɯəkDL2,ŋɯʔDL2,ŋɯəkDL2,,ŋɤ:kDL2,ŋykDL2,ŋɯəkDL2,ŋuəkDL2
115,land leech,*da:kD,tʰa:kDL2,taʔDL2,ta:kDL2,d̤a:kDL2,tekDL2 -v,,ta:kDL1,tʰa:kDL2
116,aquatic leech,*pli:ŋA,pliŋA1,piŋA1,piŋA1,piŋA1,piŋA1,pɤŋA1,piŋA1,pi:ŋA1
117,bedbug,*C̬.rɯətD,rɯətDL2,,rɯətDL2,lɯətDL2,lɤ:tDL2,lutDL2,,ruətDL2
118,grasshopper,*p.takD,takDS2,takDS1,,tʰakDS1,,tʰakDS1,takDS1,
119,mosquito,*ɲuŋA,juŋA2,ɲuŋA2,ɲuŋA2,ɲuŋA2,juŋA2,ɲoŋA2,ɲuŋA2,ɲuŋA2
120,wasp,*b.twi:lA,tɛ:nA2,tenA1,pʰɛ:nA1,tʰɛnA1,pʰe:nA1,tinA2,tinA2,tʰi:lA2
121,bee,*to:B,tɔ:B1,toB1,tɔ:B1,tɔB1,to:B1,tøB1,,tɔ:B1
122,insect,*m.le:ŋA,lɛ:ŋA2,meŋA2,mje:ŋA2,mɛŋA2,me:ŋA2,meŋA2,neŋA2,mɛ:ŋA2
123,ant,*mɤcD,motDS2,mutDS2,motDS2,mɤtDS2,mɤtDS2,motDS2,matDS2,mɛkDS2
124,termite,*mo:tD,mɔ:tDL2,,mɔ:tDL2,mɔtDL2,,motDL2,motDL2,mɔ:tDL2
125,worm,*ʰno:lA,nɔ:nA1,nonA1,,nɔnA1,no:nA1,nønA1,nonA1,nɔ:lA1
126,earthworm,*t.nɯəlA,dɯənA1,dɯənA1,,dɯənA1,dɤ:nA1,nunA1,dɯənA1,truəlA1
127,gadfly,*ʰlɯəkD,lɯəpDL1 -f,,lɯəkDL1,lɯəpDL1 -f,,,lɯəkDL1,
128,head louse,*trawA,hawA1,hawA1,hɤwA1,tʰɤwA1,hawA1,tʰawA1,rawA1,rawA1
129,tick,*trepD,hepDS1,hipDS1,,tʰepDS1,,tʰitDS1 -f,,ripDS1
130,flea,*ʰmatD,matDS1,matDS1,matDS1,matDS1,matDS1,matDS1,matDS1,matDS1
131,body louse,*m.lelA,lenA2,,mɤnA2,menA2,minA2,mɤnA1,nanA2,mlɛlA2
132,chicken louse,*rwɤjA,rajA2,,,rɤjA2,ɬajA2,loyA2,riA2,ri:A2
133,spider,*krwa:wA,,sawC1,sa:wA1,sa:wA1,kʰja:wA1,ha:wA1 -i,ca:wA1,tʰra:wA1
134,coconut grub,*ɗuəŋC,duəŋC1,duəŋC1,duəŋC1,duəŋC1,,,duŋC2,duəŋC1
135,stink bug,*ge:ŋ1,kʰɛ:ŋA2,,kɛ:ŋA2,g̈ɛŋA2,ke:ŋA2,,keŋA2,
136,caterpillar,*C̥.boŋC,buŋC1,buŋC1,boŋC1,,,boŋC1,,vɔŋC2
137,silkworm,*mo:nC,,monC2,mɔ:nC2,mɔnC2,mu:nC2,,,
138,butterfly,*ɓɤ:j,,bɯC1,bɯəC1,bɯəC1,,,ba:C2,ba:C1
139,centipede,*q.sipD,kʰepDS1,xipDS1,kʰopDS1,kʰepDS1,kʰipDS1,litDS1 -f,θipDS1,
140,cockroach,*sa:pD,sa:pDL1,,,ɬa:pDL1,ɬa:pDL1,ɬa:pDL1,,sa:pDL1
141,horn,*qawA,kʰawA1,,sawA1,,,,kawA1,kawA1
142,"tusk, ivory",*ŋa:A,ŋa:A2,ŋa:A2,ŋa:A2,ɲa:A2,,ŋa:A2,ŋaA2,ŋa:A2
143,wing (1),*wɯətD,,,,,,,fɯətDL2,viətDL2
144,wing (2),*pi:kD,pi:kDL1,,pi:kDL1,pikDL2,pikDL1,pikDL1,,
145,tail,*trwɤ:ŋA,ha:ŋA1,ha:ŋA1,ha:ŋA1,,ha:ŋA1,tʰyŋA1,rɯəŋA1,ruəŋA1
146,fish scales,*klecC,klet2,kitA2,kɤtA2,kepDS1 -f,kitB1,kipDS1 -f,cipC1 -f,tlɛkA2
147,fishbone,*ka:ŋC,ka:ŋC1,ka:ŋC1,,ka:ŋC1,,ka:ŋC1,,ka:ŋC1
148,egg,*qraj,kʰaj2,sajB1,kʰajB1,sajB1 -v,kʰjajB1,lajB1,cajB1,
149,gizzard,*p.taɰA,tajA1,taɰA1,pʰɤɰA1,tʰɤjA1,,toyA1,taɰA1,tɤ:A1
150,cockscomb,*ho:nA,ŋɔ:nA1,honA1,hɔ:nA1,hɔnA1,ho:nA1,hønA1,,hɔ:nA1
151,cockspur,*t.nɤ:jA,dɯəjA1,dɯA1,dɯəA1,dɯəA1,,,daA1,tra:A1
152,hump of an ox,*ʰno:kD,nɔ:kDL1,,,nɔkDL1,,,nokDL1,nɔ:kDL1
153,stinger (of a bee),*lajA,najA2 -i,lajA2,,lɤjA2,,,lajA2,lajA2
,C. Plants,,,,,,,,,
154,"tree, wood",*mwajC,ma:jC2,majC2,majC2 -v,maj C2 -v,majC2,majC2,majC2 -i,majC2
155,leaf,*ɓaɰA,bajA1,baɰA1,bɤɰA1,bɤɰA1,baɰA1,boyA1,baɰA1,bɤ:A1
156,big leaf for wrapping,*k.to:ŋA,tɔ:ŋA1,toŋA1,tɔ:ŋA1,tɔŋA1,to:ŋA1,tʰøŋA1,roŋA1,rɔ:ŋA1
157,flower,*ɓlo:kD,dɔ:kDL1,boʔDL1,bjɔ:kDL1,bjɔkDL1,bjo:k5,bokDL1,dokDL1,blɔ:kDL1
158,banana blossom,*pli:A,pli:A1,piA1,pi:A1,,pi:A1,,,pli:A1
159,stem,*ka:nC,ka:nC1,ka:nC1,,,,,ka:nC1,ka:nC1
160,"peel, bark",*plɯəkD,plɯəkDL1,pɯʔDL1,,pɯəkDL1,pɤ:kDL1,,,pla:kDL1 -v
161,husk,*ka:pD,ka:pDL1,ka:pDL1,ka:pDL1,,,,ka:pDL1,ka:pDL1
162,thorn,*ʰna:mA,na:mA1,na:mA1,na:mA1,na:mA1,na:mA1,na:mA1,,
163,fruit,*ʰma:kD,ma:kDL1,maʔDL1,ma:kDL1,ma:kDL1,ma:kDL1,ma:kDL1,ma:kDL1,ma:kDL1
164,"sheath, pod",*q.wakD,fakDS1,,pʰakDS1,pʰakDS1,,pʰakDS1,hokDS1,vakDS1
165,grain,*m.lecD,metDS2,mitDS2,mjetDS2,,,,natDS2,mlɛkDS2
166,stump,*to:A,tɔ:A1,,tɔ:A1,tɔA1,tɔ:A1,,,
167,root,*C̬.ra:kD,ra:kDL2,haʔDL2,ra:kDL2,la:kDL2,la:kDL2,,ra:kDL2,ra:kDL1
168,clump (as of bamboo),*ko:A,kɔ:A1,koA1,kɔ:A1,kɔA1,ko:A1,køA1,koA1,
169,"sprout, shoot",*ʰno:B,nɔ:B1,noB1,nɔ:B1,nɔB1,no:B1,nøB1,,
170,bamboo shoot,*r.na:ŋA,,,,,,,ra:ŋA2,na:ŋA2
171,ear (of rice),*rwɯ:ŋA,ruəŋA2,,ruəŋA2,ruəŋA2,ɬu:ŋA2,luŋA2,,ruəŋA2
172,rice,*C̬.qawC,kʰa:wC1,xawC1,kʰɤwC1,kʰ.ɤwC1,kʰawC1,hawC2,hawC2,ɣawC2
173,rice seedling,*kla:C,kla:C1,ca:C1,ca:C1,ca:C1,kja:C1,ka:C1,caC1,tla:C1
174,husked rice,*sa:lA,sa:nA2,sa:nA1,tʰa:nA1,ɬa:nA1,ɬa:nA1,,θa:nA1,sa:lA1
175,millet,*ʰwɯǝŋC,fa:ŋC1,,pʰa:ŋC2,pʰa:ŋC1,,pʰyŋA1,,viəŋC1
176,resin,*ˀja:ŋA,ja:ŋA1,ja:ŋA1,ja:ŋA1,ja:ŋA1,ja:ŋA1,jyŋA1,,ja:ŋA1
177,banana,*kluəjC,kluəjC1,kujC1,kuəjC1,kuəjC1,ku:jC1,koyC1,cuəjC1,
178,sugarcane,*ʔo:jC,ʔɔjC1,ʔojC1,ʔɔ:jC1,ɁɔjC1,ʔo:jC1,ɁoyC1,ʔojC1,ʔɔ:jC1
179,bamboo,*prajB,pʰajB1,,,pʰjejC1,pʰajB1,pʰajB1,,pʰrajB1
180,"cucumber, melon",*p.rwe:ŋA,tɛ:ŋA1,teŋA1,pʰɛ:ŋA1,tʰɛŋA1,,tʰeŋA1,tiəŋA1,priəŋA1
181,ashgourd,*wakD,fakDS2,fakDS2,,vakDS2,fakDS2,fakDS2,,vakDS2
182,wild olive,*ko:kD,kɔ:kDL1,,kɔ:kDL1,,,,kokDL1,kɔ:kDL1
183,starfruit,*ɢwɯəŋA,fɯəŋA2,,,,fə:ŋA2,fyŋA2,,viəŋA1
184,plum,*manC,,manC2,manC2,manC1,,manC1,,
185,pomelo,*bu:kD,,pukDL2,pukDS2 -v,b̤ukDL2,pukDL2,,pukDS2,
186,acacia,*ge:A,kʰɛ:A2,,,,,,keA2,
187,banyan,*rajA,,hajB2,,rɤjA2,,,,hajA2
188,vegetable,*prakD,pʰakDS1,fakDS1 -i,pʰjakDS1,pʰjakDS1,pʰjakDS1,,piəkDS1,pʰrakDS1
189,morning glory,*ɓuŋC,buŋC1,buŋC1,buŋC1,buŋC1,buŋC1,boŋC1,,
190,mustar green,*ka:tD,ka:tDL1,ka:tDL1,ka:tDL1,ka:tDL1,ka:tDL1,ka:tDL1,ka:tDL1,
191,yam,*manA,manA2,,manA2,,manA2,manA2,manA2,manA2
192,taro,*prɯəkD,pʰɯəkDL1,pʰɯʔDL1,pʰɯəkDL1,pʰɯəkDL1,pʰɤ:kDL1,pʰykDL1,pɯəkDL1,
193,ginger,*χi:ŋA,kʰiŋA1,xiŋA1,kʰiŋA1,,kʰiŋA1,hɤŋA1,hiŋA1,hi:ŋA1
194,galangal,*xa:B,kʰa:B1,xa:B1,kʰa:B1,kʰa:B1,,ha:B1,haB1,ha:B1
195,sesame,*r.ŋa:A,ŋa:A2,ŋa:A2,ŋa:A2,ŋa:A2,ŋa:A2,ŋa:A2,raA2,
196,tea,*ɟa:A,cʰa:A2,,,za:A2,ca:A2,sa:A2,saA2,sa:A2
197,raisin,*ʔitD,,ʔitDS1,ʔitDS1,ɁitDS1,,jitDS1,,ɁitDS1
198,rattan,*C̥.wa:jA,wa:jA1,va:jA1,wa:jA1,wa:jA1,va:jA1,wa:jA1,va:jA1,va:jA1
199,reed,*ʔo:C,Ɂɔ:C1,ʔoC1,ʔɔ:C1,ɁɔC1,Ɂo:C1,ɁøC1,,
200,grass,*ʰɲɯəC,ja:C1,ɲa:C1,ɲa:C1,ɲa:C1,ja:C1,ɲyC1,ɲiəC1,ɲuəC1
201,thatch grass,*ɣa:A,kʰa:A2,xa:A2,kʰa:A2,g̈a:A2,ka:A2,ha:A2,haA2,ɣa:A2
202,mushroom,*ʰrwetD,hetDS1,hitDS1,hɤtDS1,,vitDS2,litDS1,ratDS1,
203,fern,*ku:tD,ku:tDL1,kutDS1,ku:tDL1,kutDL1,kutDL1,kutDL1,kutDS1,ku:tDL1
204,duckweed,*ʰne:A,nɛ:A1,neA1,nɛ:A1,nɛA1,ne:A1,,,nɛ:A1
205,aquatic moss,*dawA,tʰawA2,tawA2,tɤwA2,d̤ɤwA2,,,tawA2,
,D. Nature,,,,,,,,,
206,water,*C̬.namC,na:mC2,namC2,namC2,namC2,namC2,namC2,ramC2,namC2
207,fire,*wɤjA,fajA2,,pʰɤjA2,vɤjA2,fajA2,foyA2,fiA2,vi:A2
208,flame,*ple:wA,ple:wA2,pewA1,pje:wA1,pjewA1,,pewA1,,ple:wA1
209,smoke,*ɣwanA,kʰwanA2,vanA2,wanA2,wanA2,vanA2,wanA2,,ɣɔnA2
210,soot,*ʰmi:C,mi:C1,miC1,mi:C1,mi:C1,mi:C1,,miC1,mi:C1
211,hard firewood,*wɯ:lA,fɯ:nA2,funA2,pʰɯ:nA2,wɯnA2,fɤnA2,,funA2,vɯlA1
212,bamboo firewood,*ʰlɯəwA,,,luəA1,luəA1,,liwA1,,
213,leaf ashes,*brawB,,,pjɤwB2,,pjawB2,,,
214,ashes (wood),*dawB,tʰawB2,tawB2,tɤwB2,d̤oɤwB2,,tawB2,tawB2,tʰawB2
215,iron (1),*ʰlekD,lekDS1,likDS1,lekDS1,lekDS1,likDS1,likDS1,,
216,iron (2),*mwa:A,,,,,,,faA2,ma:A2
217,salt,*klwɯəA,klɯəA1,kɯA1,kɯəA1,kɯəA1,kɯ:A1,kyA1,kuəA1,tluəA1
218,lye,*ɗaŋB,da:ŋB1 -v,,,daŋB1,daŋB1,daŋB1,daŋB1,daŋB1
219,"grease, fat",*manA,manA2,,,manA2,,,,manA2
220,soil,*tɯmA,tomA1,,,tomA1,tumA1,tomA1,,
221,earth,*ɗin,dinA2,dinA1,dinA1,dinA1,,,,
222,sand,*zwɯəjA,sa:jA2,sa:jA2,tʰa:jA2,ra:jA2,ɬa:jA2,ɬuyA2,θiəjA2,jo:jA2
223,stone,*tri:lA,hinA1,hinA1,hi:nA1,tʰinA1,hinA1,tʰɤnA1,rinA1,ri:lA1
224,dry land,*ɓokD,bokDS1,bukDS1,bokDS1,bokDS1,buk5,,bokDS1,bɔkDS1
225,wild,*C̬.tɯənB,tʰɯənB1,tʰɯənB1,tʰuənB1 -v,tʰɯənC1 -t,tʰɤ:nA1,tunB2,tɯənB2,tʰuəlB2
226,forest,*ɗoŋA,doŋA1,duŋA1,doŋA1,doŋA1,duŋA1,doŋA1,doŋA1,dɔŋA1
227,"grove, wood",*pa:B,pa:B1,pa:B1,pa:B1,pa:B1,,pa:B1,,pa:B1
228,"place, ground",*di:B,tʰi:B2,tiB2,ti:C2,d̤iB2,ti:B2,toyB2,tiB2,tʰi:B1
229,mountain,*C̥.do:jA,dɔ:jA2,,,dɔjA1,,døyA1,dojA1,rɔ:jA1
230,stone mountain,*pra:A,pʰa:A1,pʰa:A1,pʰja:A1,pʰja:A1,pʰja:A1,pʰa:A1,,pʰra:A1
231,cave,*cramC,tʰamC1,tʰamC1,tʰamC1,tʰamC1,,,,tʰamC1
232,hole,*ru:A,ru:A2,huA2,ru:A2,ruA2,ɬu:A2,,,
233,"crack, hole",*ɟo:ŋB,cʰɔŋB2,coŋA2 -t,,,,,soŋB2,sɔ:ŋB2
234,pit,*C̬.kumA,kʰumA1,,sumA1 -i,,kʰumA1,kʰomA2,kumA2,kʰumA2
235,"well, spring",*ɓo:B,bɔ:B1,boB1,bɔ:B1,bɔB1,bo:B1,bøB1,boB1,bɔ:B1
236,mountain stream,*qrwɤjC,huəjC1,hujC2 -t,kʰuəjC1,kʰuəjC1,vu:jC1,,viC1,ri:C1
237,creek,*ro:ŋB,rɔ:ŋB2,hoŋB2,rɔ:ŋC2 -t,rɔŋB2,,loŋB1,,
238,river,*da:B,tʰa:B2,ta:B2,,d̤a:B2,ta:B2,ta:B2,taB2,tʰa:B2
239,river bank,*ʰwaŋB,faŋB1,,pʰaŋB1,,,pʰaŋB1,,vaŋB1
240,"beach, sandbar",*ha:tD,ha:tDL1,,ha:tDL1,ha:tDL1,ha:tDL1,,,ha:tDL2
241,mud,*lɤmB,lomB1,,,lumB1,lumB1,,lamB1,
242,"moon, month",*ɓlɯənA,dɯənA1,bɯənA1,bɯənA1,bɯənA1,bɤ:nA1,bunA1,dɯənA1,bliənA1
243,star (general),*t.na:wA,da:wA1,da:wA1,da:wA1,da:wA1,da:wA1,da:wA1,da:wA1,tra:wA1
244,star (in the sky),*ɗi:B,,diB1,,diB1,di:B1,doyB1,diB1,
245,moonlight,*ʰŋa:jA,ŋa:jA1,,ha:jA1,ha:jA1,ha:jA1,ha:jA1,,
246,sunshine,*C̥.dwi:tD,dɛ:tDL1,detDL1,dɛ:tDL1,dɛtDL2,de:tDL1,ditDS1,ditDS1,ri:tDL1
247,cloud,*ʰwɯəC,fa:C1,,,pʰa:C1,pʰa:C1,pʰyC1,vɯəC1,viəC1
248,fog,*ʰmo:kD,mɔ:kDL1,moʔDL1,mɔ:kDL1,mɔkDL1,mo:kDL1,mokDL1,mokDL1,mɔ:kDL1
249,wind,*C̬.lɯmA,lomA2,,lomA2,lomA2,lumA2,lomA2,rumA2,lumA2
250,"sky, heaven",*ɓɯnA,bonA1,,bonA1,bɤnA1,,bonA1,bunA1,bɯnA1
251,"sky, weather",*va:C,fa:C2,fa:C2,,fa:C2,fa:C2,,,
252,rain,*C̥.wɯnA,fonA1,,pʰɤnA1,pʰɤnA1,pʰɤnA1,pʰonA1,hunA1,vɯnA1
253,gust (of rain),*kra:B,ha:B1,,,sa:B1,ha:B1,la:B1,raB1,ra:B1
254,lightning,*m.le:pD,lɛ:pDL2,,,mjepA2,me:pDL2,,,
255,thunder,*pra:C,,,,,,,pjaC1,pʰra:C1
256,hoarfrost,*ʰmɯǝjA,,mujB2,mɯəjA1,mɯəjA1,,muyA1,,
257,"dew, mist",*C̬.nwa:jA,,,,,na:jA2,na:jA2,,
258,hail,*trepD,hepDS1,hipDS1,hopDS1,tʰepDS1,hatDS1 -f,tʰitDS1,ripDS1,
259,"steam, vapor",*s.ʔwɤ:jA,ʔajA2 -v,ʔa:jA1,ʔa:jA1,ja:jA1,ja:jA1,,θɯəjA1,so:jA1
260,shade,*rɤmB,romB2,homB2,romB2,,,,ramB2,
261,"shadow, reflection",*ŋawA,ŋawA2,homB2,ŋɤwA2,ŋɤwA2,ŋawA2,ŋawA2,ŋawA2,ŋawA2
262,dry season,*C̬.le:ŋC,lɛ:ŋC2,leŋC2,lɛ:ŋC2,lɛŋC2,le:ŋC2,leŋC2,reŋC2,
,E. Society,,,,,,,,,
263,"father, man",*bo:B,pʰɔ:B,poB,pɔ:B2,b̤ɔB2,po:B2,poC2 -t,poB2,pʰɔ:B2
264,mother; woman,*me:B,mɛ:B2,meB2,mɛ:B2,mɛB2,me:B2,meB2,meB2,me:B2
265,older sibling,*bi:B,pʰi:B2,piB2,pi:C2 -t,b̤iB2,pi:B2,,piC2 -t,pʰi:B2
266,younger sibling,*nwo:ŋC,nɔ:ŋC2,noŋC2,nɔ:ŋC2,nɔŋC2,no:ŋC2,nøŋC2,nuəŋC2,nuəŋC2
267,paternal grandfather,*pɯwB,pu:B1,puB1,pu:B1,puB1,,,,
268,maternal grandfater,*ta:A,ta:A1,ta:A1,ta:A1,ta:A1,ta:A1,ta:A1,taA1,ta:A1
269,maternal grandmother,*na:jA,ja:jA2 -i,na:jA2,na:jA2,ta:jB1 -i,ta:jA1,ta:jA1,ta:jB1 -i,ʔa:jA2 -i
270,child (offspring),*lɯ:kD,lu:kDL2,luʔDL2,lukDL2,lukDL2,lukDL2,lakDL1,lɯkDS2,lɯkDL1
271,great-grandparent,*ɟɯəC,cʰɯəC2,cɯC2,cɯəC2,zɯəC2,,,,
272,"nephew, niece, or grandchild",*ʰla:nA,la:nA1,la:nA1,la:nA1,la:nA1,la:nA1,la:nA,la:nA1,la:nA1
273,great-grandchild,*ʰlenC,le:nA1 t,linA1 -t,lɤnA1 -t,lɤnC1,,lɤnC1,,
274,parent's older brother,*luŋA,luŋA2,,luŋA2,luŋA2,luŋA2,,,luŋA2
275,parent's older sister,*pa:C,pa:C1,pa:C1,pa:C1,pa:C1,pa:C1,pa:C1,paC1,pa:C1
276,father's younger sister,*ʔa:A,ʔa:A1,ʔa:A1,ʔa:A1,Ɂa:A1,ʔa:A1,,,
277,mother's younger sibling,*na:C,na:C2,na:C2,na:C2,na:B1 -t,na:B2 t,na:B2 -t,naC2,na:C2
278,father's younger brother,*ʔa:wA,,ʔa:wA1,ʔa:wA1,Ɂa:wA1,ʔa:wB1,,ʔa:wA1,ʔa:wB2
279,wife of man's younger brother,*lɯǝwA,,,luəA2,luəA2,lu:A2,liwA2,,luəwA2
280,wife,*miəA,miəA2,miA2,miəA2,,,,,
281,son-in-law,*C̬.kɯəjA,kʰɤ:jA1,,kʰɯəjA1,kʰɯəjA1,kʰɤ:jA1,,kɯəjA2,kʰo:jA2
282,daughter-in-law,*baɰC,pʰajC2,paɰC2,pɤɰC2,b̤ɤɰC2,,,paɰC2,kʰwɤ:C2 -i
283,"person, human being",*ɢwɯnA,kʰonA2,kɯnA2,kɤnA2,g̈ɤnA2,kɤnA2,honA2,hunA2,hunA2
284,child (young person),*ɗekD,dekDS1,diŋA1 -f,diŋA1 -f,dekDS1,dikDS1,dikDS1,,
285,"man, male",*ʑa:jA,cʰa:j4,ca:jA2,ca:jA2,za:jA2,ca:jA2,,θa:jA1,sa:jA1
286,unmarried man,*ɓa:wB,ba:wB1,ba:wB1,ba:wB1,ba:wB1,ba:wB1,ba:wB1,ba:wB1,ba:wB1
287,unmarried woman,*sa:wA,sa:wA1,sa:wA1,tʰa:wA1,ɬa:wA1,ɬa:wA1,ɬa:wA1,θa:wA1,sa:wA1
288,girl,*ɓɯ:kD,,,,,,,bɯkDS1,bɯkDS1
289,lady,*na:ŋA,na:ŋA2,na:ŋA2,na:ŋA2,na:ŋA2,,,,na:ŋA2
290,ralated by marriage,*t.no:ŋA,dɔ:ŋA1,doŋA1,dɔ:ŋA1,dɔŋA1,,,doŋA1,trɔ:ŋA1
291,widowed,*ʰma:jC,ma:jC1,ma:jB2 -t,ma:jC1,ma:jC1,ma:jC1,ma:jC1,ma:jB1,ma:jC2
292,orphan,*gm̩.ra:C,pʰra:C2,pa:C2,pja:C2,b̤ja:C2,pja:C2,,,tʰra:C2
293,name,*ɟɤ:B,cʰɯ:B2,,,,,,soB2,sɔ:B2
294,"master, owner",*ɕɤwC,ca:wC1,,cɤwC1,cɤwC1,cawC1,,θuC1,su:C1
295,slave (1),*χɔ:jB,kʰɔ:jC1 -t,,kʰɔ:jC1 -t,kʰɔjC1 -t,kʰo:jC1 -t,hoyB1,hɔjB1,hɔ:jB1
296,slave (2),*kra:C,kʰa:C1,xa:C1,sa:C1,,,,,
297,Vietnamese,*ke:wA,kɛ:wA1,kewA1,kɛ:wA1,kɛwA1,ke:wA1,kewA1,cewA1,ke:wA1
298,shaman,*ʰmo:A,mɔ:A1,moA1,mɔ:A1,mɔA1,mo:A1,,moA1,mɔ:A1
299,spirit (1),*pri:A,pʰi:A1,pʰiA1,pʰi:A1,pʰi:A1,pʰi:A1,,,
300,spirit (2),*mwa:ŋA,,,,ma:ŋA2,,ma:ŋA2,fa:ŋA2,ma:ŋA2
301,soul; whorl in the hair,*qwanA,kʰwanA1,xwanA1,kʰwanA1,kʰwanA1,kʰwanA1,wanA1,vanA1,hɔnA1
302,village,*ɓa:nC,ba:nC1,ba:nC1,ba:nC1,ba:nC1,ba:nC1,ba:nC1,ba:nC2,ba:nC1
303,township,*mɯəŋA,mɯəŋA2,mɯəŋA2,mɯəŋA2,mɯəŋA2,,,,
304,debt,*ʰni:C,ni:C1,,ni:C1,ni:C1,,,niC1,
,F. Material culture,,,,,,,,,
305,liquor,*ʰlawC,lawC1,lawC1,lɤwC1,lɤwC1,lawC1,lawC1,lawC1,lawC1
306,medicine,*ˀjɯəA,ja:A1,ja:A1,ja:A1,ja:A1,ja:A1,jyA1,jiəA1,(ja:A1)
307,vinegar,*ʰmi:B,,miB1,mi:B1,miB1,mi:B1,moyB1,,
308,flour,*ɓɯəA,,bɯA1,bɯəA1,bɯəA1,bɯ:A1,,,bɯəA1
309,house,*rɤ:nA,rɯənA2,hɯənA2,rɯənA2,rɯənA2,ɬɤ:nA2,lunA2,ra:nA2,ra:nA2
310,granary,*ˀjɯǝwC,ja:wC1,,jawB1,ja:wC1,,,jiəwC2,jiəwC1
311,stake,*ʰlakD,lakDS1,,lakDS1,lakDS1,,,lakDS1,lakDS1
312,eaves,*ʑa:jA,cʰa:jA2,,ca:jA2,,,,θa:jA2,ja:jA2
313,door,*tu:A,tu:A1,tuA1,tu:A1,tuA1,tu:A1,tawA1,tuA1,tu:A1
314,"stairs, ladder",*ɗrwajA,dajA2,dajA1,dwɤjA1,dwajA1,dajA1,dajA1,lajA1,rajA1
315,pillar,*sawA,sawA1,sawA1,tʰɤwA1,ɬɤwA1,ɬawA1,ɬawA1,θawA1,
316,"partition, lid",*hwa:A,fa:A1,fa:A1,pʰa:A1,pʰa:A1,pʰa:A1,,vaA1,va:A1
317,split bamboo flooring,*wa:kD,fa:kDL2,,pʰa:kDL2,va:kDL2,,,,va:kDL2
318,window,*ta:ŋB,ta:ŋB1,ta:ŋB1,ta:ŋB1,ta:ŋC1,ta:ŋB1,,,
319,stool,*taŋB,taŋB1,taŋB1,taŋB1,taŋB1,taŋB1,taŋB1,taŋB1,taŋB1
320,tripod,*giǝŋA,kʰiǝŋA2,,kiəŋA2,g̈iəŋA2,ki:ŋA2,kʰiŋA2,ciəŋA2,kʰiəŋA2
321,board,*pe:nC,pɛnC2,penC1,,,pe:nC1,penC1,,pe:nC1
322,thing,*χɔ:ŋA,kʰɔ:ŋA1,xoŋA1,,,,høŋA1,,ho:ŋA1
323,knife,*mitD,mi:tDL2 -v,mitDS2,mitDS2,,,,mitDS2,
324,"machete, big knife",*ɟm̩.ra:C,pʰra:C2,pa:C2,pja:C2,b̤ja:C2,pja:C2,,saC2,tʰa:C2
325,chopping board,*χiəŋA,kʰiəŋA1,xiəŋA1,,,kʰi:ŋA1,hiŋA1,heŋA1,
326,spear,*kro:kD,hɔ:kDL1,,,,,,rokDL1,
327,crossbow,*ʰnwɯəC,na:C1,,na:C1,na:C1,,,nɯəC1,nuəC1
328,axe,*xwa:nA,kʰwa:nA1,xwa:nA1,kʰwa:nA1,kʰwa:nA1,,,va:nA1,va:nA1
329,chisel,*siəwB,siwB1,siwB1,tʰi:wB1,ɬiwB1,ɬi:wB1,ɬiw5,θiəwB1,si:wB1
330,hook,*xɔ:A,kʰɔ:A1,xoA1,kʰɔ:A1,,,,,hɔ:A1
331,"pliers, thongs",*gi:mA,kʰi:mA2,kimA2,ki:mA2,g̈imA2,kimA2,,cimA2,kʰi:mA2
332,handle (of a knife),*ɗa:mC,da:mC1,damB1,da:mC1,da:mC1,da:mC1,,da:mC2,da:mC1
333,"handle, rod",*galA,kʰanA2,,,,,kʰanA1,kanA2,kʰalA2
334,carrying pole (1),*tra:pD,ha:pDL1,ha:pDL1,ha:pDL1,tʰa:pDL1,ha:pDL1,tʰa:pDL1,ra:pDL1,ra:pDL1
335,carrying pole (2),*ɢa:nA,kʰa:nA2,ka:nA2,ka:nA2,,ka:nA2,ha:nA2,ha:nA2,ɣa:nA2
336,"rope, cord",*ɟɤ:k,cʰɯəkDL2,cɯʔC2,,zɯəkDL2,cɤ:kA2,sa:kDL2,sa:kB2,sa:kB2
337,top for spinning,*k.ra:ŋB,kʰa:ŋB1,,kʰa:ŋB1 -i,sa:ŋB1,ha:ŋB1,la:ŋB1,ca:ŋB1,
338,basin,*ʔa:ŋB,ʔa:ŋB1,ʔa:ŋB1,ʔa:ŋB1,,ʔa:ŋB1,,,ʔa:ŋB1
339,jug,*krajA,hajA1,hajA1,kʰajA1,,,,rajA1,hajA1
340,pot,*ʰmo:C,mɔ:C1,,mɔ:C1,mɔC1,mo:C1,møC1,moC1,mɔ:C1
341,bamboo tube,*baŋ B/C,,,baŋC1,baŋC1,,,baŋB1,baŋC2
342,bag,*croŋA,tʰuŋA1,tʰuŋA1,tʰoŋA1,tʰoŋA1,tʰuŋA1,,,tʰɔŋA1
343,walking cane,*dawC,tʰa:wC2,tawC2,tɤwC2,d̤ɤwC2,,tawC6,,
344,comb,*ʰrwɯ:jA,wi:A1,viA1,wi:A1,wiA1,vi:A1,loyA1,rojA1,hɔ:jA1
345,"writing, book",*sɯ:A,sɯ:A1,sɯA1,,ɬɯA1,ɬɯ:A1,ɬoyA1,θɯA1,sɯ:A1
346,broom,*ɲu:A,,ɲuA2,,ɲuA2,,,ŋuA2,
347,thread (1),*C̥.da:jC,da:jC1,,,,,,da:jC2,ra:jC1
348,thread (2),*ʰmajA,majA1,majA1,mɤjA1,mɤjA1,majA1,majA1,majA1,
349,hemp,*pa:nB,pa:nB1,pa:nB1,pa:nB1,pa:nB1,pa:nB1,,,
350,loom,*trukD,hu:kDL1,huʔDL1,hu:kDL1,tʰukDL1,hukDS1,tʰokDL1,rokDL1,hu:kDS2
351,shuttle of loom,*p.rawB,,,pʰjɤwB1,tʰɤwB1,,,tawB1,
352,spool,*ʰlwu:tD,lɔ:tDL1,,lɔ:tDL1,lɔtDL1,lo:tDL1,,,lu:tDL1
353,indigo (1),*g.ra:mA,kʰra:mA2,ca:mA2,ca:mA2,za:mA2,kja:mA2,,sa:mA2 -i,
354,indigo (2),*kromC,hɔmC1,homC1,sɔ:mC1,sɔmC1,,,romC1,
355,bamboo strip for tying or weaving,*b.twu:kD,tɔ:kDL1,toʔDL1,pʰjɔ:kDL1,tʰɔkDL1,pʰjo:kDL1,tʰukDL1,tukDS2,prukDS2
356,needle,*qemA,kʰemA1,ximA1,kʰomA1,kʰemA1,kʰimA1,hɤmA1,cimA1,kimA1
357,strand (of rope),*kliəwA,kliǝwA1,,,,,,cewA1,tlɛ:wA1
358,lacquer,*rakD,rakDS2,hakDS2,rakDS2,rakDS2,,,,
359,bamboo hat,*klɤpD,,,cupDS1,cupDS1,kipDS1,,capDS1,
360,"puppet, marionette",*hunB,hunB1,,,,,,hunB1,hunB1
361,"marking, patterns",*C̬.la:jA,la:jA2,la:jA2,,la:jA2,la:jA2,,ra:jA2,la:jA2
362,paddy field,*na:A,na:A2,na:A2,na:A2,na:A2,na:A2,na:A2,naA2,na:A2
363,dry field,*rɤjB,rajB2,hajB2,rɤjB2,rɤjB2,ɬajB2,loyB2,riB2,ri:B2
364,open field,*doŋB,tʰuŋB2,tuŋB2,toŋB2,d̤oŋB2,,,toŋB2,tʰɔŋB2
365,garden,*swɯ:nA,suənA1,suənA1,tʰuənA1,ɬuənA1,ɬu:nA1,ɬunA1,θɯənA1,suənA1
366,ditch,*ʰmɯəŋA,mɯəŋA1,,mɯəŋA1,mɯəŋA1,mɤ:ŋA1,myŋA1,,mɯəŋA1
367,dike between rice fields,*ɣalA,kʰanA2,,kʰanA2,g̈anA2,kanA2,hanA2,hanA2,ɣalA2
368,dam,*hwa:jA,fa:jA1,fa:jA1,pha:jA1,pʰa:jA1,pʰa:jA1,pʰa:jA1,va:jA1,
369,water pipe,*linA,,linA2,linB1 -t,linA2,,,linA2,linA2
370,plough,*crwajA,tʰajA1,tʰajA1,tʰɤjA1,tʰɤjA1,tʰajA1,tʰajA1,sajA1,tʰajA1
371,yoke,*ʔe:kD,ʔɛ:kDL1,ʔeʔDL1,ʔɛ:kDL1,ɁekDL2,ʔe:kDL1,ɁekDL1,ʔekDL1,ʔɛ:kDL1
372,part of yoke under neck,*ʔo:ŋC,,ʔoŋB2 -t,ʔoŋC1,ɁoŋC1,,,ʔoŋC2,ʔɔŋC1
373,mortar (1),*grokD,kʰrokDS2,,cokDS2,,kjukDS2,,cokDS2,
374,mortar (2),*ʰrumA,,,,,,lomA1,rumB1,
375,pestle,*sa:kD,sa:kDL1,saʔDL1,tʰa:kDL1,ɬa:kDL2,ɬa:kDL1,,θa:kDL1,sa:kDL1
376,winnowing basket,*ɗoŋC,doŋC1,doŋC1 -v,doŋC1,doŋC1,duŋC1,doŋC1,,
377,bran,*ramA,ramA2,hamA2,ramA2,ramA2,ɬamA2,lamA2,ramA2,ramA2
378,"straw, stubble",*wɯǝŋA,fa:ŋA2,fɯəŋA2 -v,pʰa:ŋA2,va:ŋA2,fa:ŋA2,fyŋA2,fɯəŋA2,viəŋA1
379,fish hook,*ɓetD,betDS1,bitDS1,bɤtDS1,betDS1,bit5,,,
380,fish net,*kre:A,hɛ:A1,heA1,kʰɛ:A1,kʰɛ1,he:A1,leA1,reA1,re:A1
381,fishtrap,*zajA,sajA2,sajA2,tʰɤjA2,rɤjA2,ɬajA2,ɬajA2,θajA2,jajA2
382,snare,*re:wC,rɛ:wC2,hewC2,rɛ:wC2,rɛwC2,,,,re:wC2
383,"gutter, trough",*rwɯəŋA,ra:ŋA2,ha:ŋA2,ra:ŋA2,ra:ŋA2,ɬa:ŋA2,,ruəŋA2,
384,cooked in bamboo tube,*ʰla:mA,la:mA1,la:mA1,la:mA1,la:mA1,la:mA1,,,
385,boat,*C̬.rwɯəA,rɯəA2,hɯA2,lɯəA2 -i,lɯəA2,lɯ:A2,luA2,ruəA2,ruəA1
386,raft,*be:A,pʰɛ:A2,peA2,pɛ:A2,b̤ɛA2,,peA2,peA2,pʰe:A2
387,road,*ʰrwɤnA,honA1,,,,,,ranA1,
388,track,*rwu:jA,rɔ:jA2,hojA2,,rɔjA2,,loyA2,riA2,ri:A2
389,saddle,*ʔa:nA,ʔa:nA1,ʔa:nA,,Ɂa:nA1,,Ɂa:nA1,ʔa:nA1,ʔa:nA1
390,drum,*klo:ŋA,klɔ:ŋA1,kuŋB1 -t,,cɔŋA1,kjo:ŋA1,køŋA1,coŋA1,tlɔ:ŋA1
,G. Adjectives,,,,,,,,,
391,red,*C̥.dwi:ŋA,dɛ:ŋA1,deŋA1,dɛ:ŋA1,dɛŋA1,de:ŋA1,dɤŋA1,diŋA1,ri:ŋA1
392,black,*C̥.damA,damA2,damA1,damA1,damA1,damA1,namA1,,ramA1
393,white,*xa:wA,kʰa:wA1,xa:wA1,kʰa:wA1,kʰa:wA1,kʰa:wA1,,ha:wA1,ha:wA1
394,green,*xiəwA,kʰiəwA1,xewA1,kʰɛ:wA1,kʰɛwA1,kʰe:wA1,hewA1,hewA1,he:wA1
395,yellow,*ʰlɯəŋA,lɯəŋA1,,lɯəŋA1,,lɤ:ŋA1,lyŋA1,,
396,dark (red),*klamB,klamB1,,,kamB1 -v,,,camB1,
397,gray,*ʰmo:ŋA,mɔ:ŋA1,,,,,møŋA1,,
398,white-spotted,*ɓla:ŋB,da:ŋB1,ba:ŋB1,bja:ŋB1,da:ŋB1,,,da:ŋB1,
399,"clear, clean",*saɰA,sajA1,saɰA1,tʰɤɰA1,ɬɤɰA1,ɬaɰA1,ɬoyA1,θaɰA1,
400,dark,*mɯ:tD,mɯ:tDL2,mutDS2,mɯ:tDL2,,,,,
401,"bright, light (n.)",*roŋB,ruŋB2,huŋB2,ruŋB2,ruŋB2,ɬuŋB2,løŋB1,roŋB2,rɔ:ŋB2 -i
402,thin (not fat),*pro:mA,pʰɔ:mA1,,,,pʰjo:mA1,pʰømA1,pjomA1,pʰrɔ:mA1
403,fat,*bwi:A,pʰi:A2,piA2,pi:A2,b̤iA2,pi:A2,poyA2,piA2,pʰu:jA2
404,long,*rɯjA,ri:A2,hiA2,ri:A2,riA2,ɬi:A2,loyA2,rajA2,rajA2
405,short (not long),*tinB,,tinC1,tɤnC1,tɤnC1,tinC1,tɤnC1 -t,tinC1,tinB1
406,big (1),*ʰluəŋA,luəŋA1,luəŋA1,luəŋA1,luəŋA1,lu:ŋA1,,,luəŋA1
407,big (2),*ɓɯ:kD,,,,,,,bɯkDS1,bɯkDS1
408,small,*no:jC,nɔ:jC2,nojC2,nɔ:jC2,,no:jC1 -t,nøyC2,,
409,"low, short (not tall)",*tamB,tamB1,tamB1,tamB1,tamB1,tamB1,tamB1,tamB1,tamB1
410,heavy,*ʰnakD,nakDS1,nakDS1,nakDS1,nakDS1,nakDS1,nakDS1,nakDS1,nakDS1
411,light (in weight),*C̥.bawA,bawA1,bawA1,bɤwA1,bɤwA1,bawA1,bawA1,bawA1,vawA1
412,thick,*ʰna:A,na:A1,na:A1,na:A1,na:A1,na:A1,na:A1,naA1,na:A1
413,thin (not thick),*C̥.ba:ŋA,ba:ŋA1,ba:ŋA1,ba:ŋA1,ba:ŋA1,ba:ŋA1,ba:ŋA1,ba:ŋA1,va:ŋA1
414,new,*ʰmɤ:lB,majB1,maɰB1,mɤɰB1,mɤɰB1,maɰB1,møB1,moB1,mɔ:B1
415,old (of living beings),*ke:B,kɛ:B1,keB1,kɛ:B1,kɛB1,ke:B1,,ceB1,ke:B1
416,old (of things),*kawB,kawB1,kawB1,,kawB1 -v,kawB1,kawB1,kawB1,kawB1
417,senior,*crawC,tʰawC1,tʰawC1,,tʰɤwC1,tʰawC1,,,tʰawC1
418,"young, soft",*ʔwu:nB,ʔɔ:nB1,ʔonB1,ʔɔ:nB1,ɁonB1,ʔo:nB1,ɁønB1,ʔunB1,ʔu:nB1
419,"raw, not ripe",*C̥.dipD,dipDS1,dipDS1,dipDS1,dipDS1,dipDS1,dipDS1,dipDS1,ripDS1
420,hard,*k.re:ŋA,kʰɛŋA1,xeŋA1,kʰɛ:ŋA1,kʰɛŋA1,kʰe:ŋA1,leŋA1,,tʰriəŋA1
421,"coarse, tough",*ʰɲa:pD,ja:pDL1,ɲa:pDL1,ɲa:pDL1,ɲa:pDL1,ja:pDL1,,ɲa:pDL1,ɲiəpDL1 -v
422,deep,*lɤkD,lɯkDS2,lɯkDS2,lɤkDS2,lɤkDS2,dakDS1 -i,lakDS2,lakDS2,lakDS2
423,loose,*ʰlo:mA,luəmA1 -v,luəmA1 -v,,,,,lomA1,
424,"tight, narrow",*gapD,kʰapDS2,kapDL2,kapDS2,g̈apDS2,kapDS2,kʰapDS2,,
425,steep,*ʰliŋB,,liŋB1,liŋB1,,liŋB1,lɤŋB1,liŋB1,
426,stuck,*ga:A,kʰa:A2,ka:A2,,g̈a:A2,,,kaA2,kʰa:A2
427,straight,*zɤ:B,sɯ:B2,sɯB2,,,ɬɯ:B2,ɬøB2,θoB2,jɔ:B2
428,crooked,*gotD2,kʰotDS2,,,,kutDS2,,,
429,hot,*rwu:lC,rɔ:nC2,honC2,,,,,,ru:lC2
430,warm,*ʔunB,ʔunB1,,ʔunB1,ɁunB1,ʔunB1,,,
431,blind,*ɓo:tD,bɔ:tDL1,botDL1,bɔ:tDL1,bɔtDL1,bo:tDL1,,botDL1,
432,night blind,*ʰwa:ŋA,fa:ŋA2,fa:ŋA2,pʰa:ŋA2,va:ŋA2,,fa:ŋA2,,
433,deaf,*ʰnuəkD,nuəkDL1,,nuəkDL1,,nu:kDL1,nukDL1,nukDS1 -v,nu:kDL1
434,bitter,*C̬.qɤmA,kʰomA1,,kʰomA1,kʰomA1,kʰumA1,hamA2,hamA2,ɣamA2
435,astringent in taste,*ʰwɯətD,fa:tDL1,fa:tDL1,pʰa:tDL1,,,fa:tDL1,vɯətDL1,viətDL1
436,sour,*sɤmC,somC1,,tʰomC1,ɬomC1,ɬumC1,ɬomC1,θamC1,samC1
437,"sweet, delicious",*C̥.wa:lA,wa:nA1,va:nA1,wa:nA1,wa:nA1,va:nA1,wa:nA1,va:nA1,va:lA1
438,insipid,*cɯ:tD,cɯ:tDL1,cutDS1 -v,cu:tDL1,cutDL1,,,,
439,core,*ke:lB,kɛnB1,kenB1,,kɛnB1,,,,ke:lB1
440,fragrant,*ho:mA,hɔ:mA1,homA1,hɔ:mA1,hɔmA1,ho:mA1,hømA1,homA1,
441,stinky,*ʰmenA,menA1,minA1,mɤnA1,menA1,,,,
442,putrid,*xwi:wA,kʰiəwA1,xiwA1,kʰwiwA1,kʰiwA1,kʰi:wA1,hiwA1,,kʰi:wA1
443,fishy,*ɣa:wA,kʰa:wA2,xa:wA2,kʰa:wA2,,,,ha:wA2,ɣa:wA2
444,empty,*plɤwB,pla:wB1,pawB1,pjɤwB1,pjɤwB1,pjawB1,,pjuB1,plu:B1
445,full,*k.temA,temA1,timA1,tɤmA1,temA1,timA1,lɤmA1 -i,rimA1,rimA1
446,deficient,*bro:ŋB,pʰrɔŋB2,,pjɔ:ŋB2,b̤jɔŋB2,pjo:ŋB2,,pjoŋB2,pʰrɔ:ŋB2
447,good,*ɗɤjA,di:A1 -v,diA1,dɤjA1,dɤjA1,dajA1,doyA1,diA1,di:A1
448,bad,*rwɤ:jC,ra:jC2,ha:jC2,ra:jC2,ra:jC2,ɬa:jC2,,rɯəjC2,ra:jC2
449,long (of time),*hɤŋA,hɯŋA1,hɯŋA1,hɤŋA1,hɤŋA1,hɤŋA1,,,
450,slow,*na:nA,na:nA2,na:nA1 -t,na:nA2,na:nA2,,,na:nA2,
451,late,*ʰla:C,la:C1,la:C1,la:C1,la:C1,la:C1,,,
452,near,*k.raɰC,klajC1,saɰC1,sɤɰC1,sɤɰC1,kʰjaɰC1,koyC1,caɰC1,tlɤ:C1
453,far,*k.lajA,klajA1,,kwɤjA1,kwɤjA1,kwajA1 -i,kajA1,cajA1,tlajA1
454,face down,*qwamC,kʰwamC1,xamC1 -w,kʰwamC1,,kʰumC1,,hamC1,ŋamC1 -i
455,face up,*ʰŋa:jA,ŋa:jA1,,ha:jA1,,,,ha:jA1,ŋa:jA1
456,sharp-pointed,*ʰle:mA,lɛ:mA1,lemA1,,,,,lemA1,
457,"sharp, sharp edge",*ɣɤmA,kʰomA2,,kʰomA2,g̈omA2,kumA2,,,ɣamA2
458,"slippery, smooth",*m.lɯ:lB,lɯ:nB2,munB2,mjɯ:nB2,,lɤ:nB1 -t,,,mlɯ:lB2
459,sticky,*ʰniəwA,niəwA1,,niəwA1,,,niwA1,niəwA1,niəwA1
460,"liquid, soft",*ʰle:wA,le:wA1,,,,li:wA1,lewA1,,lɛ:wA1
461,rotten,*nawB,nawB2,,nɤwA2,nɤwB2,,nawB2,nawB2,nawB2
462,withered,*ʰriəwB,hiəwB1,hewB1,hɛ:wB1,,he:wB1,hoy B1 -v,rewB1,hɛ:wB1 -i
463,dried up,*ʰre:ŋC,hɛ:ŋC1,heŋC1,,,,,re:ŋC1,hɛ:ŋC1 -i -v
464,dry,*χaɰB,,,kʰɤɰB1,kʰɤɰB1,kʰaɰB1,hoyB1,,hɯ:B1 -v
465,wet,*domA,,,,,tumA2,tomA2,,
466,mute,*ŋwamC,,,wamC,,wamC,wamC,ŋamC2,
467,dumb,*ɓɤɰC,bajC1,,,bɤɰC1,,,,
468,easy,*ŋa:jB,ŋa:jB2,ŋa:jB2,ŋa:jB2,ŋa:jB2,,,ŋa:jB2,ŋa:jB2
469,drunk (1),*mawA,mawA2,mawA2,mɤwA2,,mawA2,mawA2,,mawA2
470,drunk (2),*mwi:A,,,,,,moyA2,,
471,sterile,*ʰmanA,manA1,manA1,manA1,manA1,,,manA1,manA1
472,entangled,*ɲuŋB/C,juŋB2,,ɲuŋB2,,juŋC1 -t,,ɲuŋC2,ɲuŋC2
473,blistered,*bo:ŋA,pʰɔ:ŋA2,,pɔ:ŋA2,,,,poŋA2,pʰɔ:ŋA2
474,expensive,*be:ŋA,pʰɛ:ŋA2,peŋA2,,b̤ɛŋA2,pe:ŋA2,peŋA2,peŋA2,
475,familiar,*gunC,kʰunC2,,,,,,kunC2,kʰunC2
476,asleep,*ɗakD,,,dakDS1,dakDS1,dakB1,dakDS1,dakDS1,dakDS1
477,hungry,*ˀjɯǝkD,ja:kDL1,,ja:kDL1,ja:kDL1,ja:kDS1,jykDL1,jiəkDL1,juəkDS2
478,satiated,*ʔi:mB,ʔimB1,ʔimB1,ʔi:mB1,ɁimB1,ʔimB1,ɁɤmB1,ʔimB1,ʔi:mB1
479,swollen,*gaɰB,,kaɰC1 -t,kɤɰB2,g̈ɤɰB2,kaɰB2,kʰoyB2,,
480,stiff and tired,*mɯəjB,mɯəjB2,mujB2,mɯəjB2,,,,mɯəjB2,
481,"tired, exhausted",*ʰnɯəjB,nɯəjB1,nujB1,nɯəjB1,nɯəjB1,,,,
482,lazy,*kli:kD,,,,,,kikDL1,cikDS1,tli:kDL1
483,"tired, bored",*ʰna:jB,na:jB1,na:jB1,na:jB1,,na:jB1,na:jB1,na:jB1,na:jB1
484,"idle, free",*ɗwɤ:jA,da:jA1,,da:jA1,da:jA1,da:jA1,duyA1,,dɤ:jA1
485,disgusted,*ɓɯəB,bɯəB1,bɯB1,bɯəB1,bɯəB1,bɯ:B1,byB1,bɯəB1,
486,crazy,*ɓa:C,ba:C1,ba:C1,ba:C1,ba:C1,ba:C1,,,
487,hurt (1),*cepD,cepDS1,cipDS1,cepDS1,cepDS1,cipDS1,,,
488,hurt (2),*ke:tD,,,,,,ketDL1,cetDL1,ke:tDL1
489,torn,*qa:tD,kʰa:tDL1,xa:tDL1,kʰa:tDL1,kʰa:tDL1,kʰa:tDL1,,ka:tDL1,ka:tDL1
490,plugged,*sakA,,,,ɬakDS1,,sakDS1 -i,,
491,bruised (1),*ɟamC,cʰamC2,,camC2,,,,camC2,samC2
492,bruised (2),*wokD,fokDS2,,pʰokDS2,vokDS2,,fokDL2 -v,fokDS2,vɔkDS2
493,lost,*ʰloŋA,loŋA1,luŋA1,loŋA1,loŋA1,luŋB1,,loŋA1,lɔŋA1
494,alive,*ɲaŋA,jaŋA2,,ɲaŋA2,ɲaŋA2,,,,
495,"strong, strength",*re:ŋA,rɛ:ŋA2,heŋA2,rɛ:ŋA2,rɛŋA2,ɬe:ŋA2,leŋA2,reŋA2,re:ŋA2
,H. Verbs,,,,,,,,,
496,"weave, to (cloth)",*tamB,tamB1,tamB1,tamB1,tamB1,tamB1,tamB1,tamC1,tamB1
497,"dye, to",*ɲwu:mC,jɔ:mC2,ɲomC2,ɲɔ:mC2,ɲɔmC2,jo:mC2,ɲomC2,ɲumC2,ɲumC2
498,"sew, to",*ɲepD,jepDS2,ɲapDS1,ɲapDS2 -v,ɲapDS2,japDS2 -v,ɲipDS2,ɲipDS2,ɲipDS2
499,"embroider, to",*se:wB,,sewB1,tʰɛ:wB1,ɬɛwB1,,,,
500,"weave, to (baskets, mats)",*sa:n,sa:nA1,sa:nA1,tʰa:nA1,ɬa:nA1,ɬa:nA1,ɬa:nA1,θa:nA1,sa:nA1
501,"sow, to; scatter, to",*C̥.wa:lB,wa:nB1,va:nB1,wa:nB1,wa:nA1,va:nB1,wa:nB1,,va:lB1
502,"transplant, to",*t.namA,damA1,,damA1,damA1,damA1,damA1,damA1,tramA1
503,"plant, to",*plwɯ:kD,plu:kDL1,puʔDL1,,pjukDL1,pjɤ:kDL1,pokDL1,,plɔ:kDL1
504,"sift, to",*qrɤŋA,kʰɯŋA1,sɯŋA1,sɤŋA1,sɤŋA1,kʰjɤŋA1,laŋA1,,raŋA1
505,"imprison, to",*k.raŋA,kʰaŋA1,saŋA1,saŋA1,saŋA1,haŋA1,,caŋA1,tʰraŋA1
506,"hunt, to",*p.rawB,,tawB1,pʰjɤwB1,,pʰjawB1,,tawB1,
507,"mark, to; aim, to",*ʰma:jA,ma:jA1,ma:jA1,ma:jA1,ma:jA1,,,ma:jA1,ma:jA1
508,"shoot, to",*ɲɯŋA,jiŋA2,,,,jaŋA2,,ŋiŋA2,ŋiŋA2
509,"poison (fish), to",*C̥.bɯəA,bɯəA1,bɯA1,bɯəA1,bɯəA1,bɯ:A1,,,viəA1
510,"tend animal, to",*ɟɯǝŋC,,cɯəŋC2,,zɯəŋC2,cʰɤ:ŋC2,syŋC2,siəŋC2,
511,"raise, to",*liəŋC,liəŋC2,liəŋC2,liəŋC2,liəŋC2,,,,liəŋC2
512,"make noise, to",*ɗaŋA,daŋA1,,daŋA1,daŋA1,,,daŋA1,
513,"differ, to",*ta:ŋB,ta:ŋB1,,,ta:ŋB1,ta:ŋB1,,ta:ŋB1,ta:ŋB1
514,"count, to",*napD,napDS2,,napDS2,,,,,napDS2
515,"heap up, to",*ko:ŋA,kɔ:ŋA1,,kɔ:ŋA1,,,,koŋA1,kɔ:ŋA1
516,"weigh, to",*ɟaŋB,cʰaŋB2,,,,saŋB2,,saŋB2,saŋB2
517,"announce, to",*pa:wB,pa:wB1,pa:wB1,pa:wB1,pa:wB1,,,pa:wB1,pa:wB1
518,"answer, to",*χa:nA,kʰa:nA1,xa:nA1,kʰa:nA1,kʰa:nA1,,,ha:nA1,ŋa:nA1 -i
519,"ask, to",*c.ra:mA,tʰa:mA1,tʰa:mA1,tʰa:mA1,sa:mA1,tʰa:mA1,tʰa:mA1,sa:mA1,tʰa:mA1
520,"beg, to",*k.ro:A,kʰɔ:A1,soA1,sɔ:A1,sɔA1,ho:A1,løA1,,tʰrɔ:A1
521,"order, to; blow the nose, to",*saŋB,saŋB1,saŋB1,tʰaŋB1,ɬaŋB1,ɬaŋB2,ɬaŋB1,θaŋB1,saŋB1
522,"scold, to; revile, to",*ɗa:B,da:B1,da:B1,,da:B1,da:B1,da:B1,daB1,
523,"warn,to",*tɯǝnA,tɯǝnA1,,,,,,tɯənB1,
524,"weep, to",*t.hajC,ha:jC1,,hajC1,hajC1,hajC1,hajC1,tajC1,
525,"moan, to",*gra:ŋA,kʰra:ŋA2,ca:ŋA2,ca:ŋA2,za:ŋA2,,,,
526,"bark, to",*ʰrawB,hawB1,hawB1,hawB1,hawB1 -v,hawB1,hawB1,rawB1,hawB1 -i
527,"crow, to",*χalA,kʰanA1,xanA1,kʰanA1,kʰanA1,kʰanA1,hanA1,hanA1,halA1
528,"laugh, to",*krɯəwA,huəA1,,kʰuəA1,kʰuəA1,hu:A1,liwA1,riəwA1,ruəwA1
529,"recite, to",*ʔa:nB,ʔa:nB1,ʔa:nB1,ʔa:nB1,Ɂa:nB1,ʔa:nB1,,,ʔa:nB1
530,"open (the mouth), to",*ʔa:C,ʔa:C1,ʔa:C1,ʔa:C1,Ɂa:C1,ʔa:C1,,ʔaC2,ʔa:C1
531,"eat, to",*kɯɲA,kinA1,kinA1,kinA1,kinA1,kinA1,kɤnA1,kɯnA1,kinA1
532,"chew, to",*giəwC,kʰiəwC2,kewC2,kɛ:wC2,hgɛwC2,,kʰewC2,cewC2,
533,"lick, to",*C̬.lwiəA,liəA2,,,liA2 -v,li:A2,liA2,riəA2,liəA2
534,"put out of the mouth, to",*ɣa:jA,kʰa:jA2,xa:jA2,kʰa:jA2,ga:jA2,,,ha:jA2,ɣa:jA2
535,"vomit, to",*rwɯəkD,ra:kDL2,haʔDL2,ra:kDL2,ra:kDL2,ɬa:kDL2,lukDL2,ruəkDL2,ruəkDL2
536,"take a bite, to",*katD,katDS1,katDS1,,,katDS1,,katDS1,katDS1
537,"hold in the mouth, to",*ʔɤmA,ʔomA1,ʔumA1,ʔomA1,ɁomA1,,,,ʔamA1
538,"bite, to",*C̬.qɤpD,kʰopDS1,xupDS1,kʰopDS1,kʰopDS1,kʰo:pDS1,hapDS2,hapDS2,ɣapDS2
539,"nibble, to; peck, to",*tɔ:tD,tɔ:tDL1,totDL1,tɔ:tDL1,tɔtDL2,to:tDL1,totDL1,totDL1,tɔ:tDL1
540,"kiss, to",*cu:pD,cu:pDL1,cupDS1,cu:pDL1,cupDL1,cupDL1,cupDL1,supDS1,cu:pDL1
541,"yawn, to",*ʰra:wA,ha:wA1,ha:wA1,ha:wA1,ha:wA1,ha:wA1,ha:wA1,ra:wA1,ra:wA1
542,"blow, to",*powB,pawB1,,pɤwB1,pɤwB1,pawB1,pøB1,poB1,pʰɔ:B2
543,"snore, to",*klɤlA,kronA1 -i,konA1,cɤnA1,canA1 -v,,kanA1,,tlɛlA1
544,"cough, to",*ʔajA,ʔajA1,ʔajA1,ʔajA1,ɁajA1,ʔajA1,ɁajA1,ʔajA1,ʔajA1
545,"hold the breath, to",*klanC,klanC1,,canC1,,,,canC1,
546,"hug, to; embrace, to",*ko:tD,kɔ:tDL1,kotDL1,kɔ:tDL1,kɔtDL1,ko:tDL1,kotDL1,kotDL1,kɔ:tDL1
547,"build, to",*ko:B,kɔ:B1,,kɔ:B1,kɔB1,,,koB1,kɔ:B1
548,"close (the eyes), to",*ʰlapD,lapDS1,lapDS1,lapDS1,lapDS1,lapDS1,,lapDS1,
549,"lie down, to, sleep, to",*nwɯ:nA,nɔ:nA2,nonA2,nɔ:nA2,nɔnA2,no:nA2,nønA2,ninA2 -v,nu:nA2
550,"incubate, to",*wakD,fakDS2,,pʰakDS2,vakDS2,fakDS2,fakDS2,fakDS2,
551,"hold in the jaws, to",*ga:pD,kʰa:pDL2,ka:pDL2,,g̈a:pDL2,,,ka:pDL2,kʰa:pDL2
552,"hold in the closed hand, to",*kamA,kamA1,kamA1,kamA1,kamA1,kamA1,kamA1,kamA1,kamA1
553,"take up in the two cupped hands, to",*ko:pD,kɔ:pDL1,kopDL1,,kɔpDL1,,kopDL1,,
554,"pick up, to",*ˀjipD,jipDS1,jipDS1,,ɁepDS1,ʔipDS1,jipDS1,,
555,"grasp, to; perch, to",*capD,capDS1,capDS1,capDS1,capDS1,capDS1,,,capDS1
556,"squeeze, to",*galC,kʰanC2,,kanC2,ganC2,,,,kʰalC2
557,"pinch, to",*ʰni:pD,ni:pDL1,,,,nipDL1,nipDL1,nipDS1,ni:pDL1
558,"raise, to",*ɲɤkD,jokDS2,,ɲakDS2 -v,,,,jakDS2,ɲukDS2
559,"lift, to",*ɲo:A,jɔ:A2,ɲoA2,ɲɔ:A2,jɔA2 -i,,,joA1,
560,"carry in the arms, to",*ʔu:mC,ʔumC1,ʔumC1,ʔomC1,ɁumC1,ʔumC1,ɁomC1,ʔumC1,ʔu:mC1
561,"carry (a bag), to",*tri:wC,hiwC1,hiwC1,hiwC1,tʰiwC1,,tʰiwC1,riəwC1,ri:wC1
562,"carry on the back, to",*trwa:mA,ha:mA1,ha:mA1,ha:mA1,tʰa:mA1,ha:mA1,tʰa:mA1,ra:mA1,ra:mA1
563,"pull, to; drag, to",*C̬.la:kD,la:kDL2,laʔDL2,la:kDL2,la:kDL2,la:kDL2,,ra:kDL2,
564,"bend over, to",*kɤmC,komC1,kumC1,komC1,komC1,kumC1,komC1,,kamC1
565,"turn upside down or inside out, to",*pli:nC,plinC1,,pi:nC1,,,,pinC1,pli:nC1
566,"lean back, to",*ʔi:ŋA,ʔiŋA1,ʔiŋA1,ʔiŋA1,ɁiŋA1,,,ʔiŋA1,ʔiŋA1 -v
567,"point, to",*ɟi:C,cʰi:C2,ciC2,ci:C2,ziC2,,,,
568,"stroke, to; carress, to",*C̬.lu:pD,lu:pDL2,lupDS2,lu:pDL2,lupDL2,,lupDL2,rupDS2,lu:pDL2
569,"scratch, to",*kawA,kawA1,,,,kawA1,kawA1,kawA1,kawA1
570,"put, to",*s.cɤ:lB,sajB1,saɰB1,tʰɤɰB1,,,,soB1,cɔ:B1
571,"snap, to",*ɓli:tD,di:tDL1,bitDS1,,,,,,bli:tDL1
572,"stamp (on), to",*dɯ:pD,tʰɯ:pDL2,,,,,,,tʰɯ:pDL2
573,"step on, to (1)",*ɲamB,jamB2,,ɲamB2,ɲamB2,jamB2,,ɲamB2,
574,"step on, to (2)",*ˀjiǝpD,jiǝpDS1,,,,,,,jiəpDS2
575,"repeat, to",*zamC,samC2,samC2,,,,,,jamC2
576,"tremble, to",*salB,sanB1,sanB1,,ɬanB1,,,θanB1,sɛlB1
577,"shake, to",*C̥.wajA,wajA1,,vɤjA1,wɤjA1,,,,
578,"wrestle, to",*plamC,plamC1,,pjamC1,,,,,plamC1
579,"twist, to; wring, to",*ɓitD,bitDS1,,,bitDS1,bitDS1,bitDS1,,bitDS1
580,"stretch out, to",*ˀjiətD,jiətDL1,,jetDS1,jiətDL2,ji:tDL1,jitDL1,,
581,"sit, to",*naŋB,naŋB2,naŋB2,naŋB2,naŋB2,naŋB2,naŋB1,naŋB2,naŋB2
582,"come, to",*ʰma:A,ma:A2 -i,ma:A2 -i,ma:A2 -i,ma:A2 -i,ma:A2 -i,ma:A2 -i,maA1,ma:A1
583,"go, to",*pajA,pajA1,pajA1,pɤjA1,pɤjA1,pajA1,poyA1,pajA1,pajA1
584,"arrive, to",*C̬.tɤŋA,tʰɯŋA1,tʰɯŋA1,tʰɤŋA1,tʰɤŋA1,tʰɤŋA1,,taŋA2,tʰaŋA2
585,"go upward, to",*mɯəA,mɯəA2,,mɯəA2,mɯəA2,mɯ:A2,,,mɯəA2
586,ascend to,*χɯnC,kʰɯnC1,,kʰɯnC1,kʰɯnC1,kʰɤnC1,,hɯnC1,hɯnC1
587,"descend, to",*n̩.loŋA,loŋA2,,loŋA2,loŋA2,nuŋA2,noŋA2,roŋA2,lɔŋA2
588,"enter, to",*χawC,kʰawC1,xawC1,kʰawC1,kʰɤwC1,kʰawC1,hawC1,hawC1,hawC1
589,"exit, to",*ʔo:kD,ʔɔ:kDL1,ʔoʔDL1,ʔɔ:kDL1,ɁokDL1,ʔo:kDL1,ɁokDL1,ʔokDL1,ʔɔ:kDL1
590,"cross, to",*χa:mC,kʰa:mC1,xa:mC1,kʰa:mC1,kʰa:mC1,kʰa:mC1,ha:mC1,ha:mC1,ha:mC1
591,"cross over, to",*kwa:B,kwa:B1,kwa:B1,kwa:B1,kwa:B1,kwa:B1,kwa:B1,kwaB1,kwa:B1
592,"drop, to",*tokD,tokDS1,tukDS1,tokDS1,tokDS1,tukDS1,tokDS1,tokDS1,tɔkDS1
593,"fall off, to",*ʰlɤnB,lonB1,lonC1 -t,,lɤnB1,,lonB1,lanB1,
594,"fall down, to",*lɤmC,lomC2,lumC2,lomC2,lomC2,,lomC2,lamC2,lamC2
595,"slip and fall, to",*bla:tD,pʰla:tDL2,pʰa:tDL2 -i,pja:tDL2,b̤ja:tDL2,,,pja:tDL2,
596,"stand, to",*C̥.ɟɯ:nA,jɯ:nA1,jinA1,,,,,dɯnA1,
597,"walk, to",*pra:jC,pʰa:jC1,fa:jC1 -i,,pʰja:jC1,pʰja:jC1,pʰa:jC1,pja:jC1,
598,"fly, to",*ɓilA,binA1,binA1,bɤnA1,benA1 -v,binA1,bɤnA1,binA1,bɯlA1 -v
599,"crawl, to",*g.lwɤ:nA,kʰla:nA2,ca:nA2,,za:nA2,kja:nA2,lunA2,rɯənA2,luənA2
600,"crawl over, to",*twajB,ta:jB1,,tɤjB1,twɤjB1,,,,tajB1
601,"climb, to",*pi:nA,pi:nA1,pinA1,pi:nA1,pinA1,,,pinA1,pi:nA1
602,"flow, to",*ʰlwajA,lajA1,lajA1,lwɤjA1,lwɤjA1,lajA1,lajA1,lajA1,
603,"flood, to",*C̬.tuǝmB,tʰuǝmB2,tʰumC1,tʰuəmC1,tʰuəmC1,tʰu:mC1,tomC2,tumC2,tʰumB1
604,"spill, to",*ɓa:B,ba:B1,ba:B1,ba:B1,ba:B1,ba:B1,,,
605,"pour, to",*rwa:tD,ra:tDL2,,,rwa:tDL2,,,,rɔ:tDL1
606,"swim, to",*lo:jA,lɔ:jA2,lojA2,lɔ:jA2,lɔjA2,,,,
607,"float, to",*wu:A,fu:A2,,pʰu:A2,vu:A2,fu:A2,foA2 -v,fuA2,vu:A1
608,"sink, to",*cɤmA,comA1,cumA1,,,,,samA1,camA1
609,"dive, to",*ɗamA,damA2,damA1,damA1,damA1,,,,
610,"close, to",*hapD,hapDS1,hapDS1,,hapDS1,,hapDS1,hapDS1,
611,"revolve, to; spin, to",*panB,panB1,panB1,panB1,,panB1,panB1,panB1,
612,"go hungry, to",*ʔɤtD,ʔotDS1,,ʔotDS1,,,,ʔot4,
613,"hate, to",*ɟaŋA,cʰaŋA2,caŋA2,caŋA2,zaŋA2,caŋA2,saŋA2,saŋA2,saŋA2
614,"quit, to",*ˀja:B,ja:B1,,,ja:B1,,,,
615,"see, to",*tranA,henA1 -v,hinA1 -v,hanA1,hanA1,hanA1,tʰɤnA1 -v,ranA1,rɛnA1
616,"hear, to",*ŋinA,jinA2,ŋinA2,ŋinA2,ɲinA2,hinC2,,,
617,"taste, to",*ɟimA,cʰimA2,cimA2,ci:mA2,zimA2,cimA2,sɤmA2,simA2,
618,"smell (tr.), to",*ɗɤmA,domA1,dumA1,domA1,,,,,damA1
619,"forget, to",*lɯ:mA,lɯ:mA2,lumA2,lɯ:mA2,lumA2,lumA2,lomA2,lumA2,
620,"dream, to",*hwanA,fanA1,,pʰanA1,pʰanA1,,pʰanA1,,vanA2 -t
621,"believe, to",*ɟɯǝB,cʰɯǝB2,,,,,,,sɯəB2
622,"recognize, to",*cakD,cakDS1,cakDS1,,cakDS1,,,,cakDS1
623,"know, to",*rɯ:wC,ru:C2,huC2,ru:C2,,ɬu:C2,løC2,roC2,rɔ:C2
624,"be, to; b̩ecome, to",*m̩.pelA,penA2,pinA1,pɤnA1,b̤enA2,pinA2,,panA2,pʰalA2
625,"be (in a place), to",*ˀju:B,ju:B1,juB1,ju:B1,juB1,ju:B1,jawB1,juB1,ju:B1
626,"fear, to (1)",*ʰla:wA,,,la:wA1,la:wA1,la:wA1,,la:wA1,la:wA1
627,"fear, to (2)",*ja:nC,janC1 -v,ja:nC1,ja:nC1,ja:nC2,ja:nC1,,,
628,"itch, to (1)",*ɣalA,kʰanA2,xanA2,kʰanA2,,,,,ɣalA2
629,"itch, to (2)",*ɣomA,,,,,,homA2,humA2,ɣumA2
630,"seek, to",*kraA,ha:A1,,sa:A1,sa:A1,ha:A1,,raA1,ra:A1
631,"join, to",*to:B,tɔ:B1,,tɔ:B1,tɔB1,,,toB1,tɔ:B1
632,"divide, to",*panA,panA1,panA1,,,panA1,,,panA1
633,"separate, to",*bra:kD,pʰra:kDL2,,pja:kDL2,b̤ja:kDL2,pja:kDL2,,pja:kDL2,
634,"castrate, to",*to:nA,tɔ:nA1,tonA1,tɔ:nA1,tɔnA1,to:nA1,,tonA1,tɔ:nA1
635,"cut, to",*tacD,tatDS1,tatDS1,,tatDS1,tatDS1,tatDS1,tatDS1,tɛkDS1
636,"slash, to",*walA,fanA2,fanA2,pʰanA2,vanA2,,,fanA2,valA1 -t
637,"chop, to",*tramC,hamC1,hamC1,hamC1,tʰamC1,tʰamC1,tʰamA1 -t,ramC1,
638,"weed, to",*ɓla:jA,da:jA1,ba:jAA1,bja:jA1,bja:jA1,bja:jA1,ba:jA1,da:jA1,
639,"break, to",*t.rakD,hakDS1,hakDL2,hakDS1,takDS1,takDS1,tʰakDS1,rakDS1,rakDS1
640,"burst, to",*p.re:kD,tɛ:kDL1,teʔDL1,pʰɛ:kDL1,tʰeɛkDL1,pʰe:kDL1,tʰekDL1,tekDL1,pre:kDL1
641,"pluck, to",*C̥.decD,detDS1,,,,,,,rɛkDS1
642,"take down, to; put down, to",*ploŋA,ploŋA1,,,,pjuŋB1,,pjoŋA1,plɔŋA1
643,"peel, to",*po:kD,pɔ:kDL1,poʔDL1,pɔ:kDL1,pɔkDL1,po:kDL1,,pokDL1,
644,"hammer, to",*ɣo:lC,kʰɔ:nC2,,kʰɔ:nC2,,ko:nC2,,honC2,ɣɔ:lC2
645,"pound, to",*tamA,tamA1,tamA1,tamA1,tamA1,,tamA1,tamA1,tamA1
646,"pound (rice), to",*zo:mC,sɔ:mC2,somC2,tʰɔ:mC2,,ɬo:mC2,,,
647,"slap, to",*tɤpD,topDS1,tupDS1,tɤpDS1,topDS1,tupDS1,,,tapDS1
648,"pound, to (2)",*dupA,tʰup4,,,d̤upDS2,,,tupDS2,
649,"pound, to (1)",*to:kD,tɔ:kDL1,toʔDL1,tɔ:kDL1,tɔkDL1,,,tokDL1,tɔ:kDL1
650,"come into contact, to",*C̬.tɯ:kD,tʰu:kDL1,tʰuʔDL1,tʰu:kDL1,tʰukDL1,tʰukDL1,,tɯkDS2,tʰɯkDL1
651,"tie, to",*cm̩.rukD,pʰu:kDL1,fuʔDL1 -i,pʰju:kDL1,pʰu:kDL1,pʰukDS1,sukDL2,sukDS2,
652,"tie up, to",*la:mB,la:mB2,,la:mB2,la:mB2,la:mB2,la:mB2,,la:mB2
653,"undo, to; untie, to",*ke:C,kɛ:C1,keC1,kɛ:C1,kɛC1,ke:C1,,,ke:C1
654,"fold, to",*bapD,pʰapDS2,,,b̤apDS2,,,papDS2,pʰapDS2
655,"fold double, to",*dopD,tʰopDS2,tupDS2,topDS2,d̤opDS2,,topDS2,,tʰopDS2
656,"stretch, to",*ɲɯ:tD,jɯ:tDL2,,jɯ:tDL2 -i,ɲutDL2,,,,
657,"erect, to",*taŋC,taŋC1,taŋC1,taŋC1,taŋC1,taŋC1,,taŋC1,taŋC1
658,"plug (a hole), to",*ʔwɯtD,ʔutDS1,ʔutDS1,ʔotDS1,ɁotDS1,ʔutDS1,,,ʔɔtDS1
659,"salt, to",*ʔɯǝpD,,,ʔɯəpDL1,ɁɯəpDL1,ʔɤ:pDS1,,,ʔɯǝpDS2
660,"pickle, to",*ɗo:ŋA,dɔ:ŋA1,,,,,,doŋA1,dɔ:ŋA1
661,"soak, to (2)",*ʰma:B,ma:B1,ma:B1,ma:B1,ma:B1,,,maB1,ma:B1
662,"scoop, to",*takD,takDS1,takDS1,takDS1,takDS1,takDS1,takDS1,takDS1,takDS1
663,"soak, to (1)",*ɟe:B,cʰɛ:B2,,cɛ:B2,zɛB2,,,seB2,se:B2
664,"burn (intr.), to",*ʰmajC,majC1,majC1,mɤjC1,mɤjC1,majC1,,,
665,"burn (tr.), to",*prawA,pʰawA1,,pʰjɤwA1,pʰjɤwA1,,,piəwA1,pʰrawA1
666,"roast, to",*ˀjɯəŋC,ja:ŋC1,ja:ŋB2,ja:ŋB2,ja:ŋC1 -t,,,jiəŋC2,juəŋC1
667,"boil (tr.), to",*tomC,tomC1,tumC1,tomC1,tomC1,tumC1,tomC1,tumB1,
668,"boil (intr.), to",*ɗɤ:tD,dɯǝt2,,,dɯətDL1,dɤ:tDL1,dutDL1,da:tDL1,da:tDL1
669,"scald, to",*luəkD,luəkDL2,luʔDL2,luəkDL2,,lu:kDL2,,lukDS1,luəkDL2
670,"cook (rice), to",*truŋA,huŋA1,,huŋA1,huŋA1,huŋA1,tʰoŋA1,ruŋA1,ruŋA1
671,"steam, to",*ʰnɯŋC,nɯŋC1,nuŋA2 -t,nɯŋC1,nɯŋC1,,naŋC1,naŋC1,nɯŋC1
672,"make a fire, to",*ɗaŋA,,daŋC1 -t,daŋA1,daŋA1,daŋA1,daŋA1,,
673,"extinguish, to",*ɗapD,dapDS1,dapDS1,dapDS1,dapDS1,dapDS1,dapDS1,dapDS1,dapDS1
674,"roof, to",*mwuŋA,muŋA2,muŋA2,muŋA2,muŋA2,fuŋA2,,foŋA2,
675,"cover (with cloth), to",*hɤmB,homB1,,homB1,homB1,humB1,homB1,,hamB1
676,"deceive, to",*bra:ŋA,pʰra:ŋA2,pa:ŋA2,pja:ŋA2,,pja:ŋA2,,,
677,"buy, to",*z.ɟɯ:C,sɯ:C2,sɯC2,tʰɯ:C2,rɯC2,ɬɯ:C2,soyC2,sɯC2,sɯ:C2
678,"sell, to",*p.qa:j,kʰa:jA1,xa:jA1,kʰa:jA1,kʰa:jA1,kʰa:jA1,ha:jA1,ka:jA1,kwa:jA1
679,"borrow, to",*ˀjɯ:mA,jɯ:mA1,,,jɯmA1,jimA1,jomA1 -v,,
680,"defeat, to; be defeated, to",*be:C,pʰɛ:C2,,pɛ:C2,,,,peB2,pʰɛ:B2
681,"have, to",*mi:A,mi:A2,miA2,,miA2,mi:A2,moyA2,miA2,mi:A2
682,"take, to",*ʔawA,ʔawA1,ʔawA1,ʔawA1,,ʔawA1,ɁawA1,ʔawA1,ʔawA1
683,"obtain, to",*ɗajC,da:jC1,dajC1,dajC1 -v,dajC1 -v,dajC1,ɁajC1 -i,dajC2,dajC1
684,"pick, to",*kepD,kepDS1,,kopDS1,kepDS1,kipDS1,,cipDS1,kipDS1
685,"steal, to",*C̬.lakD,lakDS2,lakDS2,lakDS2,lakDS2,lakDS2,,rakDS2,lakDS2
686,"give, to",*haɰC,hajC1,haɰC1,hɤɰC1,hɤɰC1,hɯ:C1 -v,hoyC1,haɰC1,hɤ:C1
687,"dust off, to",*pacD,patDS1,,,patDS1,patDS1,,patDS1,pɛkDS1
688,"sweep, to",*kwa:tD,kwa:tDL1,,,,,,kwa:tDL1,kwa:tDL1
689,"wipe, to",*ɟetD,cʰetDS2,,cetDS2,,,,,sɛtDS2
690,"rinse, to",*C.lwɤ:ŋC,la:ŋC2,la:ŋC2,la:ŋC2,,la:ŋC2,,rɯəŋC2,
691,"wash (clothes), to",*zakD,sakDS2,sakDL2,tʰakDS2,rakDS2,ɬakDS2,,θakDS2,jakDS2
692,"wash, to",*za:wA,sa:wA2,,,ra:wA2,ɬa:wA2,ɬa:wA2,,
693,"bathe, to",*ʔa:pD,ʔa:pDL1,ʔa:pDL1,ʔa:pDL1,Ɂa:pDL1,ʔa:pDL1,,ʔa:pDL1,ʔa:pDL1
694,"teach, to",*so:lA,sɔ:nA1,,tʰɔ:nA1,,ɬo:nA1,ɬønA1,,sɔ:lA1
695,"rest, to",*bakD,pʰakDS2,,,b̤akDS2,pakDS2,pakDS2,,
696,"wait, to",*cra:C,tʰa:C1,tʰa:C1,tʰa:C1,tʰa:C1,,,saC1,tʰa:C1
697,"be left over, to",*ʰlɯəA,lɯəA1,,lɯəA1,lɯəA1,lɯ:B1,,lɯəA1,luəA1
698,"leak, to",*rwo:B,ruəB2,huB2,ruəB2,ruəB2,ɬu:B2,luB1,roB2,rɔ:B2
699,"awaken (someone), to",*plokD,plukDS1 -v,pukDS1,pjokDS1,pjokDS2,pjukDS1,,pjokDS1,plukDS1 -v
700,"wake up, to",*k.tɯ:nB,tɯ:nB1,tɯnB1,tɯ:nB1,tɯnB1,,,rɯnB1,
701,"grow, to; rise, to",*ʰma:C,,ma:C1,,ma:C1,ma:C1,,maC1,
702,"shrink, to",*ʰrotD,hotDS1,hutDS1,hotDS1,hotDS1,,,rutDS1,
703,"disappear, to",*ʰrwɤ:jA,ha:jA1,,,,,,rɯəjA1,rɤ:jA1
704,"die, to",*p.ta:jA,ta:jA1,ta:jA1,pʰa:jA1,tʰa:jA1,ha:jA1,tʰa:jA1,ta:jA1,pra:jA1
705,"kill, to",*qa:C,kʰa:C1,xa:C1,kʰa:C1,kʰa:C1,kʰa:C1,ka:C1,kaC1,ka:C1
706,"expose to the sun, to",*p.ra:kD,ta:kDL1,taʔDL1,pʰja:kDL1,tʰa:kDL1,pʰja:kDL1,tʰa:kDL1,ta:kDL1,pra:kDL1
707,"hang up, to",*qwe:nA,kʰwɛ:nA1,xwenA1,kʰɛ:nA1 -i,kʰwɛnA1,,,venA1,ve:nA1
708,"hang down, to",*ho:jC,hɔjC1,,hɔ:jC1,hɔjC1,,,,
709,"smear, to",*da:A,tʰa:A2,,,d̤a:A2,ta:A2,,,tʰa:A2
710,"lay (a cloth, etc.) across, to",*ba:tD,pʰa:tDL2,,pa:tDL2,b̤a:tDL2,,,pa:tDL2,
711,"drive away, to",*k.rapD,kʰapDS1,sapDS1,sapDS1,,,,,
712,"chase, to",*lajB,lajB2,lajB2,lɤjB2,,lajB2,,lajB2,lajB2
713,"be finished, to",*le:wC,lɛ:wC2,,lɛ:wC2,lɛwC2,,lewC1 -t,lewC2,
714,to commission,*ʑaɰC,cʰajC2,,,,caɰC2,,θaɰC2,
715,"entrust, to",*ʰwa:kD,fa:kDL1,faʔDL1,pʰa:kDL1,pʰa:kDL1,pʰa:kDL1,,,
,I. Miscellaneous,,,,,,,,,
716,1s pronoun (weak),*ku:A,ku:A1,kuA1,,,,kawA1,kuA1,ku:A1
717,1s pronoun (strong),*kawA,,,kɤwA1,kɤwA1,kawA1,,kuA1,ku:A1
718,2s pronoun (weak),*mɯŋA,mɯŋA2,mɯŋA2,,,,maŋA1 -t,mɯŋA2,mɯŋA2
719,2s pronoun (strong),*maɰA,,,mɤɰA2,,maɰA2,,,
720,3s pronoun (weak),*mɯnA,,minA2,,,mɤnA2,manA1 -t,,
721,3s pronoun (strong),*manA,manA2,,manA2,,,,manA2,manA2
722,1p pronoun,*rawA,rawA2,hawA2,rɤwA2,,lawA2,,rawA2,ro:A2 -v
723,one,*nɯ:ŋB,nɯŋB1 -t,nɯŋB2,nɤŋA1 -t,,nɤŋA1/B2,,,nɯŋB2
724,two,*so:ŋA,sɔ:ŋA1,soŋA1,tʰɔ:ŋA1,ɬɔŋA1,ɬo:ŋA1,ɬø/ŋA1,θoŋA1,sɔ:ŋA1
725,three,*sa:m,sa:mA1,sa:mA1,tʰa:mA1,ɬa:mA1,ɬa:mA1,ɬa:mA1,θa:mA1,sa:mA1
726,four,*si:B,si:B1,siB1,tʰi:B1,ɬiB1,ɬi:B1,ɬoyB1,θiB1,si:B1
727,five,*ha:C,ha:C1,ha:C1,ha:C1,ha:C1,ha:C1,ha:C1,haC1,ha:C1
728,six,*krokD,hokDS1,hukDS1,sokDS1,sokDS1,hukDS1,lokDS2,rokDS1,rɔkDS1
729,seven,*cetD,cetDS1,citDS1,cetDS1,cetDS1,citDS1,citDS1,satDS1,cɛtDS1
730,eight,*pe:tD,pɛ:tDL1,petDL1,pɛ:tDL1,pɛtDL1,pe:tDL1,petDL1,petDL1,pe:tDL1
731,nine,*kɤwC,ka:wC1,kawC1,kɤwC1,kawC1,kawC1,kawC1,kuC1,ku:C1
732,"hundred; string, to",*ro:jC,rɔ:jC2,hojC2,rɔ:jC2,,ɬo:jC2,,rojC2,rɔ:jC2
733,"single, only one",*ɗiəwA,diəwA1,,diəwA1,dɛwA1,de:wB1,,dewA1,diəwA1
734,pair,*gu:B,kʰu:B2,,,g̈uB1,ku:B2,,kuB2,
735,"how many, several",*ki:C,ki:B1 -t,kiC1,ki:B2 -t,kiC1,ki:C1,koyC1,ciC1,ki:C1
736,all,*daŋA,tʰaŋ4,tiŋA2 -v,taŋA2,d̤aŋA2,taŋA2,,,tʰɯŋA2 -v
737,"many, much",*ʰla:jA,la:jA1,la:jA1,la:jA1,la:jA1,la:jA1,la:jA1,la:jA1,la:jA1
738,"little, few",*ʰno:jB,nɔ:jB1,,,,,,nojB2 -t,nɔ:jB2 -t
739,"one or so, any",*sakD,sakDS1,,tʰakDS1,ɬakDS1,ɬakDS1,,,sakDS1
740,half,*grɤŋB,kʰrɯŋB2,,,,,,,tʰrɯŋB2
741,"each other, together",*kanA,kanA1,kanA1,kanA1,kanA1,kanA1,,,kinA1 -v
742,other,*ʔɯ:nB,ʔɯ:nB1,,ʔɯ:nB1,,ʔɤnB1,,,ʔɯ:nB1
743,measure from thumb to fingertip,*ɣɯ:pD,kʰɯ:pDL2,xɯpDL2,,,,,hupDS2,(kʰɯ:pDL2 -i -v)
744,"bite (n.), speech",*gamA,khamA2,kamA2,kamA2,g̈amA2,,,,
745,classifier for things,*ʔalA,ʔanA1,,ʔanA1,ɁanA1,ʔanA1,ɁanA1,,ʔalA1
746,"cord, string",*sa:jA,sa:jA1,sa:jA1,tʰa:jA1,ɬa:jA1,ɬa:jA1,ɬa:jA1,θa:jA1,sa:jA1
747,"classifier for long, thin, object",*selC,senC1,,,,,,,sɛlC1
748,classifier for tools,*mwa:kD,,,ma:kDL2,ma:kDL2,ma:kDL2,,fa:kDL2,ma:kDL2
749,litter (of young),*gro:kD,kʰrɔ:kDL2,,,,kjo:kDL2,,cokDL2,rɔ:kDL2
750,time (classifier),*bajA,,,pajA2,,pajA2,pajA2,,
751,name of first month,*ciǝŋA,,ciəŋA1,ciəŋA1,ciǝŋA1,ci:ŋA1,ciŋA1,,ciəŋA1
752,last (year),*kla:jA,kla:jA1,ka:jA1,ca:jA1,ca:jA1,kja:jA1,ka:jA1,,tla:jA1
753,daytime,*ŋwanA,wanA2,vinA2 -v,wanA2,wanA2,vanA2,ɲɤnA2 -v,vanA2,ɲɛnA2
754,night,*ɣɯ:nA,kʰɯ:nA2,xɯnA2,kʰɯnA2,g̈ɯnA2,kɤnA2,hanA2,hɯnA2,ɣɯnA2
755,day,*mwɯ:C,mɯ:C2,mɯC2,mɯ:C2,mɯA2,,,fɯC2,mɯ:C2
756,early morning,*ɟawC,cʰa:wC2,cawC2,cawC2,,cawC2,sawC2,sawC2,
757,night,*ɣamB,kʰamB2,xamB2,kʰamB2,g̈amB2,kamB2,hamB2,hamB2,ɣamB2
758,late at night,*ɗɯkD,dɯkDS1,dɯkDS1,,lɤkDS1 -i,,,dakDS1,dɯkDS1
759,early meal,*ŋa:jA,ŋa:jA2,ŋa:jA2,ŋa:jA2,ŋa:jA2,ŋa:jA2,ŋa:jA2,ŋa:jA2,ŋa:jA2
760,late meal,*C̬.lwi:ŋA,lɛ:ŋA2,leŋA2,lɛ:ŋA2,lɛŋA2,le:ŋA2,lɤŋA2,riŋA2,lɛ:ŋA2
761,evening meal,*ɟm̩.rawA,pʰrawA2,,lɛ:ŋA2,b̤jɤwA2,pjawC2,,sawA2,
762,day before afterday,*zɯ:nA,sɯ:nA2,sɯnA2,tʰɯ:nA2,rɯnA2,ɬinA2,ɬonA1,,
763,yesterday,*ŋwa:A,wa:nA2,ŋwa:A2,ŋwa:A2,ŋwa:A2,va:A2,,,
764,tomorrow,*ɟm̩.rukD,pʰruŋB2 -f,puʔDL1,pjukDL2,,pjukDS2,tokADL2,sokDL2,tʰɔ:k5
765,day after tomorrow,*C̬.rɯ:A,rɯ:nA2 -f,hɯA2,rɯ:A2,lɯA2,lɯ:A2,loyA2,rɯA2,rɯ:A1
766,year,*pi:A,pi:A1,piA1,pi:A1,,pi:A1,poyA1,piA1,pi:A1
767,"upstream, above",*ʰnɯəA,nɯəA1,,nɯəA1,nɯəA1,nɯ:A1,,,
768,"downsteam, below",*taɰC,ta:jC1,taɰC1,taɰC1,tɤɰC1,taɰC1,tajC1 -v,,tɤ:C1
769,below,*lwɤ:ŋB,la:ŋB2,la:ŋB2,la:ŋB2,,la:ŋB2,,,luəŋB2
770,inside,*C̥.daɰA,najA2 -i,,,dɤɰA1,daɰA1,doyA1,daɰA1,rɤ:A1
771,outside,*l̩.no:kD,nɔ:kDL2,noʔDL2,nɔ:kDL2,nɔkDL2,no:kDL2,nokADL2,rokDL2,lɔ:kDL2
772,middle,*kla:ŋA,kla:ŋA1,ka:ŋA1,ca:ŋA1,,kja:ŋA1,ka:ŋA1,ca:ŋA1,tla:ŋA1
773,side,*C̥.bɯǝŋC,bɯǝŋC1,,bɯəŋC1,bɯəŋC1,bɤ:ŋC1,,,viǝŋC1
774,this,*najC,ni:C2 -v,niC2,najC2,nɤjC2,najB2,noyC2,niC2 -v,ni:C2 -v
775,before,*ko:nB,kɔ:nB1,kɤnB1,kɔ:nB1,kɔnB1,ko:nB1,kønB1,konB1,kɔ:nB1
776,"tip, end",*pla:jA,pla:jA1,,pja:jA1,pja:jA1,pja:jA1,,pja:jA1,pla:jA1
777,"tip, highest point",*ɲo:tD,jɔ:tDL2,ɲotDL2,ɲɔ:tDL2,ɲɔtDL2,jo:t6,,,ɲu:tDL2 -v
778,edge,*ri:mA,rimA2,,,rimA2,,,,rimA2
779,"gradually, slowly",*gɔ:jB,kʰɔjB2,kojB2,kɔ:jB2,g̈ɔjB2,ko:jB2,,,
780,not (strong 1),*ɓawB,,,bɤwB1,bɤwB1,bawB1 bo:B1,,bawB1 boB1,bo:B1
781,not (strong 2),*bo:B,bo:B1,boB1,,,bo:B1,,boB1,bo:B1
782,not (weak),*mi:A,miA2,,mi:A2,mi:C1 -t,miB1 -t,miC1 -t,miA2,
783,not yet,*pajB,pajB1,,pajBA1,pajB1,,,,
784,do not,*ʰɲa:B,ja:B1,,,,ja:B1,,"jiəB1, ja:B1",ja:B1
785,which,*ɗaɰA,dajA1,daɰA1,dɤɰA1,dɤɰA1,naɰA2 -i,,,dɤ:A1
786,also,*ko:C,kɔ:C1,koC1,,,,,koC2 -t,
787,"with, and",*kapD,kapDS1,,kapDS1,kapDS1,,,,kapDS1
788,matter,*ɣwa:mA,kʰwa:mA2,,,wa:mA2,va:mA2,,,